Id,Name,FullName
1182,BTC,Bitcoin
7605,ETH,Ethereum
5031,XRP,XRP
929418,CRO,Crypto.com Chain Token
309621,LINK,Chainlink
171986,USDT,Tether
934491,HMR,Homeros
321992,ADA,Cardano
204788,BNB,Binance Coin
202330,BCH,Bitcoin Cash
935731,DOT,Polkadot
931991,NYE,NewYork Exchange
3808,LTC,Litecoin
936630,UNI,Uniswap Protocol Token
926591,BSV,Bitcoin SV
925809,USDC,USD Coin
166503,EOS,EOS
431235,AION,Aion
5038,XMR,Monero
771595,HT,Huobi Token
4614,XLM,Stellar
166390,XTZ,Tezos
27368,NEO,NEO
310829,TRX,TRON
933526,HEX,HEX
930952,HYN,Hyperion
931926,THX,Thorenext
934650,SENSO,SENSO
937121,PLTC,PlatonCoin
933127,PLF,PlayFuel
925144,OKB,Okex
931676,FTT,FTX Token
928761,WBTC,Wrapped Bitcoin
930621,RSR,Reserve Rights
199107,ATOM,Cosmos
935546,COMP,Compound
5285,XEM,NEM
935562,UMA,UMA
799472,CEL,Celsius Network
930571,LEO,LEO Token
127356,MIOTA,IOTA
3807,DASH,Dash
24854,ZEC,ZCash
714811,THETA,Theta
5324,ETC,Ethereum Classic
236131,VET,VeChain
926388,ABBC,ABBC Coin
932096,BAND,Band Protocol
932637,DAI,Multi Collateral Dai
936952,AAVE,Aave
41192,MKR,Maker
936137,CRV,Curve DAO Token
935984,NEST,Nest Protocol
925204,ZB,ZB
928790,QNT,Quant
935695,BAL,Balancer
931790,BOTX,BOTXCOIN
187440,OMG,OMG Network
935926,YFI,yearn.finance
928919,BTMX,BitMax Token
66193,GNO,Gnosis
186277,ZRX,0x
808414,ONT,Ontology
931777,SXP,Swipe
928723,BTT,BitTorrent
844139,TUSD,True USD
4432,DOGE,Dogecoin
788239,REN,REN
934099,SOLO,Sologenic
107672,BAT,Basic Attention Token
930244,THR,Thorecoin
166594,NMR,Numeraire
4430,DGB,DigiByte
20131,WAVES,Waves
933582,APM,apM Coin
932932,KSM,Kusama
936047,DIA,DIA
879044,CVT,CyberVein
925939,PAX,Paxos Standard
933032,OXT,Orchid Protocol
318169,LRC,Loopring
930413,OCEAN,Ocean Protocol
418694,UQC,Uquid Coin
112392,QTUM,QTUM
930992,ALGO,Algorand
936118,SRM,Serum
925371,TMTG,The Midas Touch Gold
716725,ZIL,Zilliqa
310497,KNC,Kyber Network
19745,LSK,Lisk
931807,BHT,HBTC Captain Token
187347,STORJ,Storj
933180,OGN,Origin Protocol
937023,CVP,PowerPool Concentrated Voting Power
199148,MANA,Decentraland
930246,MATIC,Matic Network
137013,SNT,Status Network Token
935922,ORN,Orion Protocol
936555,PHA,Phala Network
348628,KCS,KuCoin Shares
934479,DEP,DEAPCOIN
324068,ICX,ICON Project
931795,GT,Gatechain Token
17778,REP,Augur
877073,NEXO,NEXO
16713,DCR,Decred
933144,CETH,Compound Ethereum
283116,ENJ,Enjin Coin
935346,DKA,dKargo
934361,HIVE,Hive
18907,DGD,Digix DAO
934495,LMCH,Latamcash
918566,MIXI,Mixin
929872,ORBS,Orbs
347235,BTG,Bitcoin Gold
931871,DVP,Decentralized Vulnerability Platform
78152,ANT,Aragon
936179,SAND,The Sandbox
936051,DF,dForce
929828,BZRX,bZx
716522,IOST,IOS token
932552,ME,All.me
930126,SOLVE,SOLVE
172091,NANO,Nano
936576,ACH,Alchemy Pay
930306,LAMB,Lambda
932263,MX,MX Token
166548,MCO,Crypto.com
932121,HBAR,Hedera Hashgraph
935149,XPR,Proton
931955,ULTRA,Ultra
409492,BCD,Bitcoin Diamond
931799,CHZ,Chiliz
13072,SC,Siacoin
33022,GNT,Golem Network Token
931668,LUNA,Terra
936306,SUSHI,Sushi
218008,BTM,Bytom
5296,MONA,MonaCoin
868276,HOLO,Holo
929313,ANKR,Ankr Network
571314,ELF,aelf
339617,POWR,Power Ledger
934857,ICH,IdeaChain
931810,BDX,Beldex
935377,RAD.CUR,Rite Aid
936218,YFII,DFI.money
931927,THEX,Thore Exchange
61877,RLC,iEx.ec
22327,BNT,Bancor Network Token
752993,CHSB,SwissBorg
4433,XVG,Verge
934340,HDAO,HyperDAO
930679,YCC,Yuan Chain Coin
816702,TOMO,TomoChain
5039,BTS,Bitshares
337162,AST,AirSwap
935740,DMG,DMM: Governance
708404,IDEX,IDEX
893122,IOTX,IoTeX Network
236358,UTK,Utrust
934997,LYXE,LUKSO
26132,KMD,Komodo
116180,ZEN,Horizen
936009,WNXM,Wrapped NXM
932619,CKB,Nervos Network
925893,VEST,VestChain
931916,PROM,Prometeus
928158,FTM,Fantom
931849,AKRO,Akropolis
934663,OBSR,OBSERVER Coin
933125,BOA,BOSAGORA
369151,DATA,Streamr DATAcoin
899553,QKC,QuarkChain
177918,KIN,Kin
30173,ARDR,Ardor
933177,ZYN,Zynecoin
926044,HC,HyperCash
934590,MWC,MimbleWimbleCoin
931752,FOIN,Foin
5293,MAID,MaidSafe Coin
916813,CET,CoinEx Token
931100,MXC,Machine Xchange Coin
744820,POLY,Polymath Network
931013,MBL,MovieBloc
929546,CELR,Celer Network
307219,RCN,Ripio
925129,DAG,Constellation 
932706,SUTER,Suterusu
752710,BLZ,Bluzelle
731516,NPXS,Pundi X
930835,WICC,WaykiChain
936585,FRONT,Frontier
24294,STRAT,Stratis
930104,HPT,Huobi Pool Token
338541,WAXP,Worldwide Asset eXchange
925195,KCASH,Kcash
710156,AGI,SingularityNET
935990,RING,Darwinia Network
402714,QASH,Quoine Liquid
930345,DREP,DREP
927360,NRG,Energi
934837,JST,JUST
178978,FUN,FunFair
929452,VSYS,V Systems
931472,DAC,Davinci Coin
930849,STPT,STP Network
930697,BORA,BORA
619555,NAS,Nebulas
32699,ARK,ARK
936217,YAMV2,YAM v2 
931881,FOR,Force Protocol
931123,CNNS,CNNS
45253,MLN,Melon
931969,XSR,Xensor
30022,XZC,Zcoin
659770,GXS,GXChain
927166,CONT,Contentos
310297,PNT,pNetwork Token
240142,WAN,Wanchain
931523,ARPA,ARPA Chain
361881,ETN,Electroneum
141464,VGX,Voyager Token
930843,TOPN,TOP Network
139467,CVC,Civic
935699,RINGX,RING X PLATFORM
856139,CTXC,Cortex
932730,YO,Yobit Token
4618,SYS,SysCoin
397757,QSP,Quantstamp
914830,VIDT,V-ID
933586,APIX,APIX
710597,CRPT,Crypterium
299397,WTC,Waltonchain
925339,KAN,Bitkan
931693,PERL,Perlin
141331,DENT,Dent
335059,REQ,Request Network
928382,AERGO,AERGO 
887527,TRUE,True Chain
179164,MTL,Metal
933535,RKN,RAKON
836492,LOOM,Loom Network
925268,MOF,Molecular Future
928535,DUSK,Dusk Network
935333,JKS.CUR,"JinkoSolar Holding Co., Ltd."
935195,STMX,StormX
918549,PPAI,Project Pai
901906,BMX,BitMart Coin
936181,OM,MANTRA DAO
917211,MFT,Mainframe
372369,RDNN,Raiden Network
931134,ROOBEE,ROOBEE
768219,FSN,Fusion
935203,NVDA.CUR,NVIDIA
928497,BEAM,Beam
930591,AYA,Aryacoin
889997,LBA,Cred
921524,VITE,VITE
905749,SEELE,Seele
176669,NIM,Nimiq
932666,XDGB,DigitalBits
927515,META,Metadium
936040,TRADE,UniTrade
20333,STEEM,Steem
231674,IGNIS,Ignis
370973,XNS,Insolar
930897,YOU,YOU Chain
935397,VNET.CUR,"21Vianet Group, Inc."
930686,CHR,Chromia
213532,GAS,Gas
360299,KEY,SelfKey
186331,PRE,Presearch
328639,ETP,Metaverse
757969,BIX,BiboxCoin
758055,ABT,ArcBlock
925563,GUSD,Gemini Dollar
5018,VTC,Vertcoin
925291,AAC,Acute Angle Cloud
13070,GRS,Groestlcoin
933616,BKK,BKEX Token
619375,GNX,Genaro Network
35030,XSN,Stakenet
841767,ADK,Aidos Kuneen
918514,LET,LinkEye
675053,HPB,High Performance Blockchain
719272,YEE,Yee
179896,PPT,Populous
714866,MSDT,Measurable Data Token 
45260,PAY,TenX
718353,SWFTC,SwftCoin
935249,NOW.CUR,ServiceNow
517477,GTO,GIFTO
935089,EPAM.CUR,"EPAM Systems, Inc."
597629,ITC,IoT Chain
906271,UPP,Sentinel Protocol
935214,AMZN.CUR,Amazon.com Inc
377792,NULS,Nuls
637681,QLC,QLC Chain
190978,AE,Aeternity
866363,DOCK,Dock.io
936252,FYZ,Fyooz
524113,SMT,SmartMesh
1183,NXT,Nxt
794350,RVN,Ravencoin
935253,FB.CUR,Facebook
935520,EBAY.CUR,eBay
916769,MET,Metronome
185695,PRO,Propy
935213,TEAM.CUR,Atlassian Corporation Plc
744910,RUFF,Ruff
340940,WABI,WABI
177175,DNT,district0x
517483,TNB,Time New Bank
931788,FRM,Ferrum Network
780891,TEN,Tokenomy
439963,CMT,CyberMiles
935095,YNDX.CUR,Yandex N.V.
346812,APPC,AppCoins
710240,BFT,BF Token
5282,XDN,DigitalNote 
930859,CVNT,Content Value Network
369132,OST,Simple Token
186309,TNT,Tierion
192400,DMT,DMarket
930669,MOC,Mossland
932028,BKBT,BeeKan
916728,EGT,Egretia
199901,SMART,SmartCash
931750,EM,Eminer
716574,TCT,TokenClub 
180013,OAX,Oax
925271,BOX,ContentBox
222085,NEBL,Neblio
931718,PVT,Pivot Token
732098,FAIRG,FairGame
341279,MDA,Moeda
380641,SRN,SirinLabs
194883,EVX,Everex
935392,US500.CUR,S&P 500
930795,SPENDC,SpendCoin
935070,TSLA.CUR,Tesla
900419,EPT,Endor Protocol Token 
24926,SNGLS,SingularDTV
667050,MDS,MediShares
933184,BEPRO,BetProtocol
886955,VRA,Verasity
238733,AMB,Amber
936494,SWRV,Swerve
385952,GVT,Genesis Vision
935402,US30.CUR,Dow Jones 30
136269,SKY,Skycoin
795662,RFR,Refereum
930623,ONE,Harmony
932712,NODE,Whole Network
928921,LTO,LTO Network
847172,MITH,Mithril
129604,ZRC,ZrCoin
866334,UUU,U Network
935078,GME.CUR,Gamestop
925484,TOPC,Topchain
930946,ABL,Airbloc
925358,HIT,HitChain
927251,NEW,Newton
220204,DLT,Agrello Delta
788409,SOC,All Sports Coin
929891,FAT,Fatcoin
4339,BLK,BlackCoin
930837,EKT,EDUCare
716767,QUN,QunQun
890069,CNN,Content Neutrality Network
713186,DTA,Data
935969,PLT,Add.xyz
890130,SKM,Skrumble Network
925516,TRIO,Tripio
931770,LXT,LITEX
930820,ATP,Atlas Protocol
198710,VIB,Viberate
136190,MYST,Mysterium
730988,CPCH,CPChain
935092,BA.CUR,Boeing
714255,OCN,Odyssey
877236,CHX,Own
335505,DAT,Datum
930816,HYDRO,Hydro
814081,DATX,DATx
918953,MEET,CoinMeet
704135,EKO,EchoLink
878068,EDU,EduCoin
255777,PST,Primas
930942,SMARTS,Smartshare
684818,AIDOC,AI Doctor
586088,DBC,DeepBrain Chain
931826,BUT,BitUP Token
770254,MWAT,RED MegaWatt
890593,UBEX,Ubex
892524,OPEN,Open Platform
745017,TPAY,TokenPay
935423,ADABULL,3X Long Cardano Token
925214,OGSP,OriginSport
935426,ATOMBULL,3X Long Cosmos Token
933922,CNB,Coinsbit Token
692839,INT,Internet Node Token
932829,SNL,Sport and Leisure
897502,ELY,Elysian
925260,ECOM,Omnitude
930888,BTNT,BitNautic
796019,PROPS,Props
925686,MHC,MetaHash
179926,SNC,SunContract
933660,JOB,Jobchain
936633,ZYRO,Zyro
28216,ZYD,ZayedCoin
920958,ZXC,Oxcert
30391,ZUR,Zurcoin
929150,ZUC,Zeux
932086,ZT,ZBG Token
79875,ZSE,ZSEcoin
341328,ZSC,Zeusshield
731559,ZPT,Zeepin
925282,ZPR,ZPER
53178,ZOI,Zoin
933712,ZOC,01coin
934844,ZNZ,ZENZO
8762,ZNY,BitZeny
28227,ZNE,ZoneCoin
927991,ZND,Zenad
912878,ZMN,ZMINE
866472,ZLA,Zilla
899541,ZIPT,Zippie
925165,ZIP,Zipper
916851,ZINC,ZINC
4347,ZET,ZetaCoin
925787,ZEST,ZestCoin
51845,ZER,Zero
375396,ZEPH,Zeph
929494,ZEON,Zeon Network
859692,ZEL,Zelcash
20908,ZEIT,ZeitCoin
931630,ZDR,Zloadr
933821,ZCR,ZCore
876390,ZCO,Zebi Coin
917256,ZCN,0chain
32544,ZCL,ZClassic
431170,ZCG,ZCashGOLD
925113,ZCC1,ZeroCarbon
5035,ZCC,ZCC Coin
45250,ZBC,Zilbercoin
925664,ZAT,ZatGo
684747,ZAP,Zap
933521,ZANO,Zano
935322,YY.CUR,YY Inc.
921549,YUP,Crowdholding
933714,YTN,YENTEN
931768,YTA,YottaChain
322002,YOYOW,Yoyow
935330,YOLO.CUR,AdvisorShares Pure Cannabis ETF
20691,YOC,YoCoin
936205,YFV,YFValue 
936222,YFL,YF Link
935515,YELP.CUR,Yelp
931071,YEED,Yggdrash
932702,YAP,Yap Stone
936120,YAM,YAM
795305,XYO,XY Oracle
5033,XXX,XXXCoin
20338,XWC,WhiteCoin
57734,XVP,VirtacoinPlus
5303,XVC,Vcash
436007,XUN,UltraNote
184221,XUC,Exchange Union
934720,XTZBULL,3X Long TezosToken
934721,XTZBEAR,3X Short Tezos Token
933174,XTP,Tap
744880,XTO,Tao
906635,XT3,Xt3ch
917819,XSTC,Safe Trade Coin
5032,XST,StealthCoin
42598,XSPEC,Spectre
933029,XSPC,SpectreSecurityCoin
937029,XSP,XSwap
419814,XSH,SHIELD
847395,XSG,Snowgem
928091,XSC,Hyperspace
936102,XRT,Robonomics.network
934065,XRPBULL,3X Long XRP Token
934069,XRPBEAR,3X Short XRP Token
179990,XRL,Rialto.AI
20823,XRE,RevolverCoin
931097,XRC,Bitcoin Rhodium
21770,XRA,Ratecoin
928139,XQR,Qredit
5030,XPY,PayCoin
385933,XPTX,PlatinumBAR
919073,XPST,PokerSports
935115,XPO.CUR,XPO Logistics
29008,XPO,Opair
935352,XPN,PANTHEON X
5029,XPM,PrimeCoin
7590,XPH,PharmaCoin
3646,XPD,PetroDollar
931842,XPC,eXPerience Chain
920249,XPAT,Bitnation Pangea
318154,XP,Experience Points
929356,XOV,XOVBank
362769,XNN,Xenon
794362,XNK,Ink Protocol
35953,XNG,Enigma
934040,XNC,Xenios
4345,XMY,MyriadCoin
921375,XMX,XMax
463101,XMRG,Monero Gold
877397,XMO,Monero Original
5331,XMG,Coin Magi
222133,XMCC,Monoeci
868229,XMC,Monero Classic
935466,XLV.CUR,Health Care Select Sector SPDR Fund
61061,XLR,Solaris
935534,XLNX.CUR,"Xilinx, Inc."
198337,XLC,LeviarCoin
5027,XJO,JouleCoin
360740,XIOS,Xios
372654,XIN,Infinity Economics
199026,XID,Sphre AIR
20202,XHI,HiCoin
71862,XGR,GoldReserve
380754,xGOx,Go!
41989,XGB,GoldenBird
625458,XFT,Fantasy Cash
913066,XET,Eternal Token
887706,XES,Proxeus
931964,XENO,Xenoverse
34324,XEN,XenixCoin
178861,XEL,Elastic
935306,XEC.CUR,Cimarex Energy
921608,XDNA,XDNA
22430,XDE2,XDE II
933001,XDC,Xinfin Network
931701,XD,Data Transaction Token
253688,XCXT,CoinonatX
34604,XCRE,Creatio
5026,XCR,Crypti
597029,XCPO,Copico
5292,XCP,CounterParty
5408,XCO,XCoin
5386,XCN,Cryptonite
848134,XCLR,ClearCoin
35955,XCI,Cannabis Industry Coin
931859,XCHF,CryptoFranc
925251,XCG,Xchange
909375,XCEL,XcelTrip
925826,XCASH,X-CASH
5024,XC,X11 Coin
66694,XBY,XTRABYTES
928785,XBX,BiteX
5023,XBS,Bitstake
5022,XBOT,SocialXbotCoin
928459,XBOND,Bitacium
375352,XBL,Billionaire Token
886928,XBI,Bitcoin Incognito
5391,XBC,BitcoinPlus
898360,XBB,BrickBlock
927584,XBASE,ETERBASE
934021,XAUT,Tether Gold
25082,XAUR,Xaurum
218107,XAS,Asch
922654,XAP,Apollon
450337,X8X,X8Currency
933881,X42,X42 Protocol
935118,X.CUR,US Steel Corp
899504,WYS,Wysker
179109,WTT,Giga Watt
926317,WTL,Welltrado
746288,WT,WeToken
68084,WSX,WeAreSatoshi
296844,WRC,Worldcore
355242,WPR,WePower
924955,WPP,Green Energy Token
228162,WORM,HealthyWorm
935389,WORK.CUR,Slack Technologies Inc
934982,WOONK,Woonkly
348068,WOMEN,WomenCoin
206512,WNET,Wavesnode.net
935091,WMT.CUR,Wal-Mart Stores Inc
935073,WLL.CUR,Whiting Petroleum
933921,WLF,Wolfs Group
932728,WIX,Wixlar
925264,WIT,Witcoin
411620,WISH,MyWish
930720,WINT,WinToken
25946,WINGS,Wings DAO
931583,WIN,WINk
339533,WILD,Wild Crypto
933593,WIKI,Wiki Token
320551,WIC,Wi Coin
930700,WIB,Wibson
347067,WHL,WhaleCoin
924369,WHEN,WhenHub
178467,WGR,Wagerr
930890,WGP,W Green Pay
61667,WGO,WavesGO
930912,WGC,WeGen Platform
931840,WFX,WebFlix
935398,WFC.CUR,Wells Fargo & Co
28882,WEX,Wexcoin
928486,WETH,WETH
934870,WET,WeShow Token
653806,WELL,Well
914812,WEBC,Webchain
320596,WEB,Webcoin
5020,WDC,WorldCoin
935460,WDAY.CUR,Workday Inc
43042,WCT,Waves Community Token
876102,WCOIN,WCoin
933915,WCC,Wincash Coin
5319,WBB,Wild Beast Coin
935267,WBA.CUR,Walgreen Boots Alliance
27681,WAY,WayCoin
935276,WATT.CUR,Energous Corporation
25822,WARP,WarpCoin
645913,WAGE,Digiwage
915420,WAB,WABnetwork
819663,W3C,W3Coin
926038,W12,W12 Protocol
935117,W.CUR,Wayfair Cl A
781079,VVI,VV Coin
182340,VUC,Virta Unique Coin
5372,VTR,Vtorrent
20680,VTA,VirtaCoin
325279,VSX,Vsync
32880,VSL,vSlice
931666,VRSC,Verus Coin
33399,VRS,Veros
28323,VRM,Verium
5017,VRC,VeriCoin
935321,VOW3.CUR,Volkswagen AG
5016,VOOT,VootCoin
935250,VOO.CUR,Vanguard S&P 500 ETF
55553,VOLT,BitVolt
929661,VOLLAR,Vollar
931670,VOL,Volume Network
188352,VOISE,Voise
931104,VOCO,Provoco
934383,VNXLU,VNX Exchange
926362,VNX,VisionX
930722,VNT,VNT Chain
921401,VME,TrueVett
804376,VLX,Velox
50730,VLTC,VaultCoin
28225,VLT,Veltor
930506,VLS,Veles
856890,VLD,Valid
341205,VIVO,VIVO Coin
933864,VIVID,Vivid Coin
393656,VIU,Viuly
913061,VITAE,Vitae
842430,VIT,Vision Industry Token
62648,VISIO,Visio
6088,VIRAL,Viral Coin
22212,VIP,VIP Tokens
5407,VIOR,ViorCoin
782929,VIN,VinChain
907161,VIG,TheVig
336538,VIBE,VIBEHub
5015,VIA,ViaCoin
935136,VI,Vid
935509,VGT.CUR,Vanguard Information Technology ETF
136211,VERI,Veritaseum
933298,VEN,VeChain Old
933948,VEGA,Vega Protocol
925595,VEEN,LIVEEN
306482,VEE,BLOCKv
930615,VDX,Vodi X
930350,VDL,Vidulum
930677,VBK,VeriBlock
930931,VANT,Vanta Network
929236,VALOR,Smart Valor
929202,VALID,Validator Token
732147,VAL,Valorbit
935116,V.CUR,Visa Inc
587261,UTT,United Traders Token
466492,UTNP,Universa
5013,UTIL,Utility Coin
5012,UTC,UltraCoin
767334,USX,Unified Society USDEX
928014,USE,Usechain Token
935456,USDTBULL,3X Long Tether Token
929229,USDS,StableUSD
930925,USDQ,USDQ
934425,USDEX,eToro US Dollar
5011,USDE,UnitaryStatus Dollar
933990,USDA,USDA
810258,USCOIN,USCoin
930908,USCC,USC
100954,USC,Ultimate Secure Cash
4631,URO,UroCoin
931957,URAC,Uranus
934329,UPUSD,Universal US Dollar
934330,UPT,Universal Protocol Token
934328,UPEUR,Universal Euro
347247,UP,UpToken
779032,UNRC,UniversalRoyalCoin
4630,UNO,Unobtanium
20635,UNITY,SuperNET
38032,UNITS,GameUnits
20728,UNIT,Universal Currency
182364,UNIFY,Unify
932670,UNICORN,UNICORN Token
930869,UND,United Network Distribution
8760,UNC,UnCoin
4629,UNB,UnbreakableCoin
5381,UNAT,Unattanium
928184,UMO,Universal Molecule
213100,UMC,Umbrella Coin
4628,ULTC,Umbrella
930927,ULT,Ultiledger
371005,UKG,UnikoinGold
5353,UIS,Unitus
930954,UIP,UnlimitedIP
929490,UGT,Universal Games Token
369179,UGC,ugChain
929793,UGAS,Ultrain
404806,UFR,Upfiring
5355,UFO,UFO Coin
935867,UFC,Union Fair Coin
769367,UETL,Useless Eth Token Lite
191037,UET,Useless Ethereum Token
929888,UDOO,Howdoo
894138,UCT,Ubique Chain Of Things
849732,UCN,UC Coin
931066,UCH,UChain
299774,UCASH,U.CASH
932127,UC,YouLive Coin
706900,UBTC,UnitedBitcoin
889870,UBT,UniBright
43044,UBQ,Ubiq
935469,UBER.CUR,Uber Technologies Inc
931951,UAT,UltrAlpha
935386,UAA.CUR,Under Armour Cl A
5352,U,Ucoin
338180,TZC,TrezarCoin
933132,TYT,Tianya Token
931144,TYPE,Typerium
13045,TX,Transfer
935205,TWTR.CUR,Twitter
935408,TWLO.CUR,Twilio Cl A
934056,TWEE,TWEEBAA
933580,TUDA,Tutor's Diary
815372,TUBE,BitTube
935499,TTWO.CUR,"Take-Two Interactive Software, Inc."
925078,TTV,TV-TWO
922627,TTU,TaTaTu
930397,TTN,Titan Coin
929813,TTC,TTC PROTOCOL
932753,TSR,Tesra
659973,TSL,Energo
931774,TSHP,12Ships
922763,TSC,ThunderStake
934211,TRYB,BiLira
929555,TRXDICE,TRONdice
934270,TRXBULL,3X Long TRX Token
934271,TRXBEAR,3X Short TRX Token
909861,TRVC,Trivechain
931684,TRV,TrustVerse
936220,TRUST,TrustDAO
936625,TRUMPWIN,Trump Wins Token
936627,TRUMPLOSE,Trump Loses Token
20270,TRUMP,TrumpCoin
931520,TRTT,Trittium
757589,TRTL,TurtleCoin
37040,TRST,TrustCoin
932184,TRP,Tronipay
661619,TROLL,Trollcoin
5351,TRK,TruckCoin
27996,TRIG,Trigger
930714,TRIAS,Trias
402884,TRIA,Triaconta
935513,TRI.CUR,Thomson Reuters
5341,TRI,Triangles Coin
769862,TRDT,Trident
932698,TRDS,Traders Token
371004,TRCT,Tracto
935787,TRCL,Treecle
4626,TRC,TerraCoin
933019,TRB,Tellor
920939,TRAK,TrakInvest
716641,TRAC,OriginTrail
914756,TPC,TPCash
4625,TOR,TorCoin
937055,TON,TON Crystal
935437,TOMOBULL,3X Long TomoChain Token
935436,TOMOBEAR,3X Short TomoChain Token
932001,TOL,Tolar
931414,TOKO,ToKoin
779014,TOKC,Tokyo Coin
625173,TOK,TokugawaCoin
341019,TOA,TOA Coin
931117,TNS,Transcodium
934865,TNCC,TNC Coin
711252,TNC,Trinity Network Credit
199887,TME,Timereum
5284,TMC,TimesCoin
935231,TLRY.CUR,"Tilray, Inc."
757542,TKY,THEKEY Token
311176,TKT,Crypto Tickets
35124,TKS,Tokes
360229,TKR,CryptoInsight
71077,TKN,Monolith
920768,TKA,Tokia
175671,TIX,Blocktix
4624,TIT,TittieCoin
372812,TIOX,TIOx
928385,TIMI,Timicoin
33914,TIME,Time
765383,TIG,Tigereum
205991,TIE,Ties Network
934363,THANKS,Thx!
922054,THRT,ThriveToken
932809,THP,TurboHigh Performance
930678,THEMIS,Themis
931525,THCH,Thorecash
29924,THC,The Hempcoin
935093,TGT.CUR,Target Corp
472769,TGT,TargetCoin
4623,TGC,TigerCoin
916828,TGAME,TrueGame
935081,TFX.CUR,Teleflex
150545,TFL,True Flip Lottery
784553,TFD,TE-FOOD
898372,TFC,The Freedom Coin
933021,TFB,Truefeedback Token
935312,TEVA.CUR,Teva Pharma Ind Adr Rep 1
4622,TES,TeslaCoin
340067,TER,TerraNovaCoin
932751,TEP,Tepleton
936024,TEND,Tendies
933860,TELOS,Teloscoin
929881,TELE,Miracle Tele
683827,TEL,Telcoin
30523,TEAM,TeamUP
788468,TDX,Tidex Token
640916,TDS,TokenDesk
913585,TDP,TrueDeck
925151,TCOIN,Talenthon
933646,TCO,ThinkCoin
931924,TCNX,Tercet Network
925903,TCH,TigerCash
876072,TBX,Tokenbox
867980,TBT,T-BOT
926247,TBL,Tombola
815247,TBAR,Titanium BAR
933670,TAUC,Taurus Coin
405291,TAU,Lamden Tau
815269,TAN,Taklimakan
925979,TALAO,Talao
57750,TAJ,TajCoin
931197,TAC,Traceability Chain
66270,TAAS,Token as a Service
27591,SYNX,Syndicate
4617,SYNC,SyncCoin
933683,SYM,SymVerse
731943,SXUT,SPECTRE Utility Token
731917,SXDT,SPECTRE Dividend Token
4348,SXC,SexCoin
934001,SWYFTT,SWYFT
848774,SWTH,Switcheo
50741,SWT,Swarm City Token
935209,SWN.CUR,Southwestern Energy
755563,SWM,Swarm Fund
20920,SWING,SwingCoin
4616,SWIFT,BitSwift
863074,SWC,Scanetchain Token
5342,SWARM,SwarmCoin
935828,SWAP,Trustswap
791282,SVD,savedroid
928087,SUSD,sUSD
177462,SUR,Suretly
4615,SUPER,SuperCoin
310812,SUMO,Sumokoin
936043,SUKU,SUKU
617055,SUCR,Sucre
221463,SUB,Substratum Network
204716,STX,Stox
5328,STV,Sativa Coin
184237,STU,BitJob
936808,STS,SBank
931997,STREAM,STREAMIT COIN
777187,STQ,Storiqa Token
411271,STP,StashPay
186875,STORM,Storm
907859,STOR,Self Storage Coin
935913,STONK,STONK
935069,STM.CUR,Stmicroelectronics Adr
734584,STK,STK Token
404775,STEX,STEX
237428,STCN,Stakecoin
776935,STC,StarChain
928108,STASH,BitStash
5289,START,StartCoin
179947,STAR,Starbase
927950,STACS,STACS Token
396716,STAC,STAC
20644,SSTC,SunShotCoin
771723,SSS,ShareChain
885637,SSH,StreamSpace
902487,SSC,SelfSell
935468,SSA.CUR,Sistema PJSFC GDR
877303,SS,Sharder
698269,SRNT,Serenity
931404,SRK,SparkPoint
927353,SREUR,SocialRemit
925404,SRCOIN,SRCoin
4611,SRC,SecureCoin
7565,SQL,Squall Coin
935201,SQ.CUR,Square Cl A
683963,SPX,Sp8de
930153,SPT,SPECTRUM
928098,SPRTZ,SpritzCoin
916848,SPN,Sapien Network
932668,SPLA,SmartPlay
645791,SPK,SparksPay
931922,SPIN,SPIN Protocol
935367,SPICE,Spice
379248,SPHTX,SophiaTX
6111,SPHR,Sphere Coin
639943,SPF,SportyCo
792725,SPD,Stipend
411496,SPANK,SpankChain
22410,SPACE,SpaceCoin
4608,SPA,SpainCoin
935400,SP35.CUR,Spain 35
902442,SOUL,Phantasma
931136,SOP,SoPay
5403,SOON,SoonCoin
8682,SONG,Song Coin
348278,SOMA,Soma
851021,SOL,Sola
237385,SOJ,Sojourn Coin
20685,SOIL,SoilCoin
935107,SOHU.CUR,Sohu.com Limited
935373,SODA,SODA Coin
183189,SOCC,SocialCoin
388145,SOAR,Soarcoin
816635,SNX,Synthetix
928392,SNTVT,Sentivate
895370,SNTR,Silent Notary
8825,SNRG,Synergy
927421,SNPC,SnapCoin
311853,SNOV,Snovio
136244,SNM,SONM
921575,SNIP,LyrnAI
930933,SNET,Snetwork
935395,SNE.CUR,Sony Corporation
314865,SND,Sandcoin
935461,SNAP.CUR,Snap
8694,SMLY,SmileyCoin
935328,SMG.CUR,The Scotts Miracle-Gro Company
4606,SMC,SmartCoin
930950,SMARTUP,Smartup
934477,SLVX,eToro Silver
931222,SLV,Silverway
924971,SLT,Social Lending Network
20681,SLS,SaluS
5349,SLR,SolarCoin
5302,SLING,Sling Coin
935110,SLCA.CUR,Us Silica Holdings
929650,SLC,SLICE
924750,SKYFT,SKYFchain
922136,SKRP,Skraps
910472,SKRB,Sakura Bloom
385866,SKR,Sakuracoin
198369,SKIN,Skincoin
928445,SKI,Skillchain
770118,SKC,Skeincoin
5288,SJCX,StorjCoin
932568,SINX,SINX Token
931804,SINS,SafeInsure
927228,SIN,SINOVATE
927450,SILKT,SilkChain
4604,SILK,SilkCoin
6112,SIGU,Singular
200941,SIGT,Signatum
935246,SIG.CUR,Signet Jewelers
867303,SIG,Signal
229420,SIFT,Smart Investment Fund Token
933862,SIERRA,Sierracoin
903811,SIC,Swisscoin
20745,SIB,SibCoin
931476,SHX,Stronghold Token
782954,SHPING,Shping Coin
776896,SHOW,ShowCoin
935266,SHOP.CUR,Shopify Cl A Sub Vtg
659488,SHND,StrongHands
4603,SHLD,ShieldCoin
890083,SHL,Oyster Shell
830983,SHIP,ShipChain
38307,SHIFT,Shift
925643,SHE,Shine Chain
28890,SH,Shilling
925873,SGR,Sogur Currency
925623,SGP,SGPay
715817,SGN,Signals Network
693690,SFU,Saifu
44952,SFC,Solarflarecoin
930671,SERV,Serve
131112,SEQ,Sequence
932627,SEOS,Smart Eye Operating System
718363,SENT,Sentinel
305252,SENSE,Sense Token
861348,SENC,Sentinel Chain
863210,SEM,Semux
922767,SEER,SEER
926123,SEED,Superbloom
937125,SEAL,Seal Finance
932839,SEA,Second Exchange Alliance
674829,SDRN,Senderon
30019,SDP,SydPakCoin
935071,SDC.CUR,SmileDirectClub Inc
4600,SDC,ShadowCash
936987,SCRT,Secret
920190,SCRL,Scroll
933716,SCRIV,SCRIV
929387,SCRIBE,Scribe Network
20342,SCOT,Scotcoin
187431,SCORE,Scorecoin
28880,SCN,Swiscoin
255254,SCL,Sociall
922214,SCC,StockChain Coin
932959,SCAP,SafeCapital
935318,SBUX.CUR,Starbucks Corp
935320,SBER.CUR,Sberbank of Russia GDR
4599,SBC,StableCoin
28770,SANDG,Save and Gain
177863,SAN,Santiment
314580,SALT,Salt Lending
921680,SAL,SalPay
769546,SAI,SAI
935518,SAGE.CUR,"Sage Therapeutics, Inc."
659724,SAGA,SagaCoin
20594,SAFEX,SafeExchangeCoin
912894,SAFE,SafeCoin
339804,RYZ,Anryze
915370,RYO,Ryo
176280,RVT,Rivetz
18180,RVR,Revolution VR
372608,RUPX,Rupaya
345801,RUP,Rupee
918974,RTE,Rate3 
887741,RTB,AB-CHAIN
935298,RSV,Reserve
898340,RST,REGA Risk Sharing Token
925305,RRC,Recycling Regeneration Chain
793802,RPUT,Robin8 Profile Utility Token
917365,RPM,Render Payment
922003,RPL,RocketPool
933867,RPD,Rapids
4594,RPC,RonPaulCoin
30386,ROYAL,RoyalCoin
832783,ROX,Robotina
43604,ROUND,RoundCoin
194906,ROOTS,RootProject
28326,ROOT,RootCoin
932566,RON,RON
935096,ROKU.CUR,"Roku, Inc."
901762,ROC,Rasputin Online Coin
925693,ROBET,RoBet
935348,RNX,ROONEX
848115,RNTB,BitRent
921526,RNT,OneRoot Network
57471,RNS,RenosCoin
935538,RNO.CUR,Renault Par
925830,RMESH,RightMesh
935410,RMD.CUR,Resmed
441616,RLX,Relex
801429,RKT,Rock Token
194924,RKC,Royal Kingdom Coin
238571,RIYA,Etheriya
22015,RISE,Rise
398126,RIPT,RiptideCoin
4593,RIPO,RipOffCoin
936758,RIO,Realio Network
928499,RIF,RIF Token
42344,RIDE,Ride My Car
4352,RIC,Riecoin
434666,RHOC,RChain
935087,RH.CUR,Rh
927274,RF,Raido Financial
310589,REX,Imbrex
345420,REV,Revain
931687,RET,RealTract
932984,RES,Resistance
719307,REPUX,Repux
898411,REPO,Repo Coin
936208,RENBTC,renBTC 
625010,REM,REMME
731629,REF,RefToken
22418,REE,ReeCoin
922717,RED,Red Community Token
322013,REC,Regalcoin
370889,REBL,REBL
198490,REAL,REAL
362039,REA,Realisto
929740,RDT,Reindeer
4592,RDD,Reddcoin
922623,RDC,Ordocoin
749006,RCT,RealChain
196591,RCC,Reality Clash
37361,RC,Russiacoin
5316,RBY,RubyCoin
73143,RBX,RiptoBuX
928204,RBTC,Smart Bitcoin
8695,RBT,Rimbit
769460,RAVE,Ravelous
931121,RATING,DPRating
67462,RAIN,Condensate
15870,RADS,Radium
935111,R.R.CUR,Ryder System
915412,QWC,Qwertycoin
205980,QVT,Qvolta
928960,QUSD,QUSD
934374,QUROZ,Qfora
4349,QTL,Quatloo
6095,QSLV,Quicksilver coin
935254,QRVO.CUR,"Qorvo, Inc."
127667,QRL,Quantum Resistant Ledger
4351,QRK,QuarkCoin
930522,QQQ,Poseidon Network
5314,QORA,QoraCoin
925316,QNTU,Quanta
935399,QCOM.CUR,QUALCOMM Inc
7650,QCN,Quazar Coin
932022,QCH,QChi
930549,QBIT,Qubitica
716795,QBAO,Qbao
170958,QAU,Quantum
638297,Q2C,QubitCoin
935467,PYPL.CUR,PayPal Holdings
718673,PYLNT,Pylon Network
20580,PXL,Phalanx
15274,PXI,Prime-X1
928354,PXG,PlayGame
4590,PXC,PhoenixCoin
20236,PWR,PWR Coin
23737,PUT,PutinCoin
799869,PUSHI,Pushi
370535,PURE,Pure
374031,PURA,Pura
928588,PTT,Pink Taxi Token
129035,PTOY,Patientory
935258,PTON.CUR,Peloton Interactive Inc
930674,PTON,Foresting
932930,PTN,PalletOneToken
936821,PTF,PowerTrade Fuel
935511,PTEN.CUR,"Patterson-UTI Energy, Inc."
5317,PTC,PesetaCoin
925326,PSM,Prasm
924897,PSK,Pool of Stake
819787,PSD,Poseidon
932997,PSC,PSC Token
29041,PSB,PesoBit
43998,PRX,Printerium
931073,PRS,PressOne
936197,PRQ,PARSIQ
715622,PRPS,Purpose
28431,PROUD,PROUD Money
876257,PROTON,Proton
931918,PROT,PROT
71334,PROC,ProCurrency
257772,PRIX,Privatix
225764,PRG,Paragon
763700,PRFT,Proof Suite Token
932686,PRCM,Precium
3638,PRC,ProsperCoin
925159,PRA,ProChain
935761,PQT,Prediqt
29348,PPY,Peerplays
927626,PPS,PopulStay
327500,PPP,PayPie
2349,PPC,PeerCoin
932951,PP,ProducePay Chain
4587,POT,PotCoin
937187,POST,InterPlanetary Search Engine
907721,POSQ,Poseidon Quark
370825,POS,PoSToken
934387,PORTAL,Portal
586409,POP,PopularCoin
319130,POLL,ClearPoll
188811,POE,Po.et
934008,POCC,POC Chain
793845,POA,Poa Network
912889,PNY,Peony Coin
586567,PNX,PhantomX
931914,PNK,Kleros
37366,PND,PandaCoin
901954,PMNT,Paymon
935752,PMGT,Perth Mint Gold Token
412081,PLX,PlexCoin
909414,PLUS1,PlusOneCoin
907167,PLURA,PluraCoin
42837,PLU,Pluton
184298,PLR,Pillar
34493,PLNC,PLNCoin
380571,PLC,PlusCoin
171884,PLBT,Polybius
369251,PLAY,HEROcoin
930088,PLAT,Platinum
932397,PLAC,PLANET
925240,PLA,PlayChip
344086,PKT,Playkey
8764,PKB,ParkByte
25830,PIZZA,PizzaCoin
931674,PIXEL,Piction Network
223283,PIX,Lampix
42433,PIVX,Private Instant Verified Transaction
922261,PITCH,PITCH
355019,PIRL,Pirl
928223,PIRATE,PirateCash
932200,PIPL,PiplCoin
5374,PINK,PinkCoin
177503,PING,CryptoPing
7577,PIGGY,Piggy Coin
45832,PIE,Persistent Information Exchange
936592,PICKLE,Pickle Finance
931912,PIB,Pibble
903863,PI,PCHAIN
341267,PHX,Red Pulse Phoenix
931226,PHV,PATHHIVE
77337,PHR,Phreak
608140,PHO,Photon
935363,PHNX,PhoenixDAO
901929,PHI,PHI Token
860938,PHC,Profit Hunters Coin
843333,PGN,Pigeoncoin
409155,PFR,PayFair
935315,PFE.CUR,Pfizer Inc
936177,PERX,PeerEx Network
933725,PEPS,PEPS Coin
42663,PEPECASH,Pepe Cash
20825,PEPE,PepeCoin
935311,PEP.CUR,Pepsico
876093,PENTA,Penta
933869,PENG,PENG
22352,PDC,Project Decorum
694199,PCOIN,Pioneer Coin
919014,PCO,Pecunio
878206,PCL,Peculium
925256,PCH,POPCHAIN
925479,PCCM,Poseidon Chain
929576,PCC,PCORE
931821,PC,Promotion Coin
935243,PBYI.CUR,"Puma Biotechnology, Inc."
84232,PBT,Primalbase
402980,PBL,Pebbles
935230,PBF.CUR,Pbf Energy Cl A
935754,PAZZI,Paparazzi
935359,PAXGBULL,3X Long PAX Gold Token
935360,PAXGBEAR,3X Short PAX Gold Token
932177,PAXG,PAX Gold
922584,PAXEX,PAXEX
862146,PAT,PATRON
925433,PASS,Blockpass
50754,PASL,Pascal Lite
40811,PASC,Pascal Coin
191116,PART,Particl
763768,PARETO,Pareto Network Token
883061,PAL,PolicyPal Network
17006,PAK,Pakcoin
44003,PAC,PAC Global
242873,OXY,Oxycoin
928660,OX,betbox
930499,OWN,OWNDATA
889045,OWD,Owlstand
928405,OWC,Oduwa
932133,OVC,OVCODE
188294,OTX,Octanox
370726,OTN,Open Trading Network
935493,OSTK.CUR,"Overstock.com, Inc."
931910,OSC,iOscar
41122,OS76,OsmiumCoin
863174,ORS,ORS Group
932720,OROX,Cointorox
301112,ORME,Ormeus Coin
928356,ORM,ORIUM
22258,ORLY,OrlyCoin
766681,ORI,Origami
935523,ORCL.CUR,Oracle
4583,ORB,Orbitcoin
936410,OPTC,Open Predict Token
197054,OPT,Opus
718435,OPC,OP Coin
903703,OOT,Utrum
201676,ONX,Onix
931228,ONOT,ONO
684364,ONL,On.Live
198967,ONION,DeepOnion
428300,ONG,SoMee.Social
935275,ONEM.CUR,1Life Healthcare Inc
22441,OMNI,Omni
933736,OMEGA,OMEGA
5365,OMC,OmniCron
920779,OLT,OneLedger
925133,OLE,Olive
20640,OLDSF,OldSafeCoin
839311,OKOIN,OKOIN
935444,OKBBULL,3X Long OKB Token
935443,OKBBEAR,3X Short OKB Token
17857,OK,OKCash
936387,OIN,OIN Finance
935540,OHL.CUR,"Obrascón Huarte Lain, S.A."
935323,OGZD.CUR,Gazprom PJSC ADR
925231,OGT,One Game
930727,OGO,Origo
932821,OFBC,OneFinBank Coin
319075,ODN,Obsidian
890624,ODE,ODEM 
932629,ODC,Overseas Direct Certification
937130,OCTO,OctoFi
909342,OCT,OracleChain
214738,OCL,Oceanlab
935505,OCFT.CUR,OneConnect
930921,OCC,Octoin Coin
5357,OC,OrangeCoin
15323,OBITS,Obits Coin
935255,OAS.CUR,Oasis Petroleum
869101,OAK,Acorn Collective
867958,NZL,Zealium
934415,NZDX,eToro New Zealand Dollar
935204,NZD.CUR,New Zealand Dollar
247232,NYC,NewYorkCoin
4581,NYAN,NyanCoin
6103,NXS,Nexus
936122,NXM,NXM
35678,NXC,Nexium
907205,NWCN,NowCoin
4579,NVC,NovaCoin
936649,NUTS,Squirrel Finance
925580,NUSD,Nomin USD
616932,NTWK,Network Token
5301,NTRN,Neutron
41819,NTCC,NeptuneClassic
932182,NSS,NSS Coin
5295,NSR,NuShares
930124,NSD,Nasdacoin
928390,NRP,Neural Protocol
4576,NRB,NoirBits
187015,NPX,Napoleon X
925242,NPER,NPER
34491,NPC,NPCcoin
779335,NOX,NITRO
926422,NOW,NOW Token
5322,NOTE,Dnotes
933877,NOR,Noir
917426,NOM,Finom NOM Token
861276,NOKU,NOKU Master token
922838,$NOBS,No BS Crypto
4577,NOBL,NobleCoin
882302,NOAH,NOAHCOIN
930923,NNB,NNB Token
607521,NMS,Numus
4580,NMC,Namecoin
5315,NLG,Gulden
195018,NLC2,NoLimitCoin
29010,NLC,NoLimitCoin
935240,NL25.CUR,Amsterdam Exchange Index 25
935272,NKTR.CUR,Nektar Therapeutics
935082,NKE.CUR,NIKE Inc
21710,NKC,Nukecoinz
7559,NKA,IncaKoin
917249,NIX,NIX
934326,NII,nahmii
466339,NGC,NagaCoin
935404,NFLX.CUR,Netflix
848051,NEXT,Next.exchange Token
934745,NEWS,CryptoNewsNet
933699,NEWOS,NewsToken
380794,NEWB,Newbium
21669,NEVA,NevaCoin
372377,NEU,Neumark
53174,NETKO,Netko
935492,NET.CUR,Cloudflare Inc.
4574,NET,NetCoin
5370,NEOS,NeosCoin
370947,NEOG,NEO Gold
935489,NEM.CUR,Newmont Mining
933733,NEET,Neetcoin
935485,NEE.CUR,Nextera Energy
777007,NEC,Ethfinex Nectar Token
20980,NEBU,Nebuchadnezzar
935018,NDN,NDN Link
188787,NDC,NeverDie
864038,NCT,PolySwarm
902616,NCP,Newton Coin
935500,NCLH.CUR,Norwegian Cruise Line Holdings Ltd.
929933,NCC,NeuroChain
792548,NCASH,Nucleus Vision
5287,NBT,NuBits
769415,NBR,Niobio Cash
903748,NBC,Niobium
879035,NBAI,Nebula AI
780767,NAVI,NaviAddress
4571,NAV,NavCoin
4570,NAUT,Nautilus Coin
931678,NAT,Natmin
922271,NANJ,NANJCOIN
348289,NAMO,NamoCoin
933559,N8V,NativeCoin
934371,MZK,Muzika Network
4568,MZC,MazaCoin
179345,MYB,MyBit
936903,MXT,MixTrust
929811,MXM,Maximine
732161,MXAI,Matrix AI Network
916702,MVP,Merculet
928103,MVL,MVL
53950,MUSIC,Musicoin
909304,MUSE,Muse
764438,MUN,MUNcoin
22325,MUE,MonetaryUnit
25820,MUDRA,MudraCoin
935527,MU.CUR,"Micron Technology, Inc."
257110,MTX,Matryx
930712,MTV,MultiVAC
5340,MTR,MasterTraderCoin
313967,MTN,TrackNetToken
208914,MTH,Monetha
927207,MTCN,Multiven
925783,MTCMN,MTC Mesh
935206,MTCH.CUR,"Match Group, Inc."
885599,MTC,DOCADEMIC
935917,MTA,Meta
28219,MST,MustangCoin
198408,MSP,Mothership
935265,MSFT.CUR,Microsoft
926121,MSD,MSD
5394,MSC,MasterCoin
221349,MRV,Macroverse
75475,MRT,MinersReward
930916,MRS,Marginless
892731,MRPH,Morpheus Network
935393,MRK.CUR,Merck & Co Inc
887531,MRK,MARK.SPACE
932874,MPL,M+Plus
41592,MOTO,Motocoin
716659,MOT,Olympus Labs
934336,MORE,More Coin
4346,MOON,MoonCoin
931565,MONT,Monarch Token
675134,MONK,Monkey Project
35681,MONEY,MoneyCoin
935273,MOMO.CUR,Momo Inc.
926114,MOLK,Mobilink Token
928696,MOL,Molecule
21232,MOJO,Mojocoin
20744,MOIN,MoinCoin
932399,MOGU,Mogu
345510,MOD,Modum
933892,MOCO,MoCo
202706,MOBI,Mobius
208001,MNY,Monkey
389849,MNX,MinexCoin
240322,MNTP,GoldMint
866622,MNRB,MoneyRebel
935262,MNK.CUR,Mallinckrodt
84831,MNE,Minereum
15888,MND,MindCoin
929223,MNC,MainCoin
5326,MMXIV,MaieutiCoin
931908,MMT,Master MIX Token
916695,MMO,MMOCoin
23425,MMNXT,MMNXT 
932990,MLGC,Marshal Lion Group Coin
933668,MKEY,MEDIKEY
935531,MJ.CUR,ETFMG Alternative Harvest ETF
930682,MIX,MIXMARVEL
879004,MITX,Morpheus Infrastructure Token
932576,MISS,MISS
930956,MIR,MIR COIN
845211,MIO,Miner One token
4562,MINT,MintCoin
235021,MINEX,Minex
931011,MIN,MINDOL
7581,MIL,Milllionaire Coin
935442,MIDBULL,3X Long Midcap Index Token
935441,MIDBEAR,3X Short Midcap Index Token
915386,MIC,Mindexcoin
925531,MIB,Mobile Integrated Blockchain
12225,MI,XiaoMiCoin
932792,MGX,MargiX
531426,MGO,MobileGo
935379,MGM.CUR,MGM Resorts International
683500,MFG,SyncFab
932180,MEXC,MEXC Token
932013,MEX,MEX
925936,METM,MetaMorph
933590,MESH,MeshBox
931474,MESG,MESG
933873,MERI,Merebel
61138,MER,Mercury
936841,MEME,Meme
33393,MEGA,MegaFlash
916795,MEDX,Medibloc
855870,MEDIC,MedicCoin
542140,MEDIB,MediBloc
233044,MEDI,MediBond
4560,MED,MediterraneanCoin
4559,MEC,MegaCoin
932967,MDM,Medium
755707,MDCL,Medicalchain
753511,MCT,1717 Masonic Commemorative Token
67430,MCRN,MacronCoin
338415,MCI,Musiconomi
935420,MCD.CUR,McDonald's
932160,MCC,Magic Cube Coin
936005,MCB,MCDEX
131154,MCAP,MCAP
935536,MC.CUR,Lvmh Moet Hennessy Louis Vuitton Se
221350,MBRS,Embers
937132,MBN,Mobilian Coin
920276,MBLC,Mont Blanc
180539,MBI,Monster Byte Inc
932186,MB,MineBee
348094,MAY,Theresa May Coin
4558,MAX,MaxCoin
935424,MATICBULL,3X Long Matic Token
935425,MATICBEAR,3X Short Matic Token
936465,MATH,MATH
320036,MAT,MiniApps
931062,MAS,Midas Protocol
5363,MARYJ,MaryJane Coin
43818,MARX,MarxCoin
6109,MARS,MarsCoin 
12223,MAPC,MapCoin
404752,MAG,Magnet
935329,MAC.CUR,Macerich
935537,MA.CUR,Mastercard Inc
935105,M.CUR,Macys
907677,LYNX,Lynx
767260,LYM,Lympo
935388,LYFT.CUR,LYFT
4556,LXC,LibrexCoin
935524,LX.CUR,LexinFintech Holdings Ltd.
927462,LVX,Level01
351720,LUX,LUXCoin
67447,LUN,Lunyr
694313,LUC,Play 2 Live
522090,LTHN,Lethean
409422,LTG,LiteCoin Gold
531408,LTCU,LiteCoin Ultra
38370,LTCR,LiteCreed
4554,LTCD,LitecoinDark
934287,LTCBULL,3X Long Litecoin Token
934288,LTCBEAR,3X Short Litecoin Token
933495,LTBX,Litbinex Coin
5369,LTBC,LTBCoin
4553,LTB,Litebar 
932813,LT,Loctite Assets Token
920896,LST,Lendroid Support Token
926393,LQDN,Liquidity Network
926589,LPT,Livepeer
931905,LPK,Kripton
936730,LOT,Lukki Operating Token
935014,LOON,Loon Network
902527,LOKI,Loki
931713,LOCUS,Locus Chain
517896,LOCK,LockTrip
404890,LOCI,LociCoin
932785,LOBS,Lobstex
892657,LNKC,Linker Coin
238622,LNK,Ethereum.Link
866546,LND,Lendingblock
676288,LNC,Blocklancer
70469,LMC,LomoCoin
933628,LM,LM Token
935268,LLY.CUR,Eli Lilly & Co
4551,LKY,LuckyCoin
932704,LKU,Lukiu
935519,LKOD.CUR,Lukoil PJSC ADR
931903,LKN,LinkCoin Token
130939,LKK,Lykke
890043,LIVE,Live Stars
928186,LIT,Lithium
23423,LIR,Let it Ride
848906,LION,CoinLion
253667,LINX,Linx
935358,LINKBULL,3X Long Chainlink Token
935357,LINKBEAR,3X Short Chainlink Token
932714,LINKA,LINKA
196541,LINDA,Metrix
930883,LINA,Lina
4354,LIMX,LimeCoinX
922038,LIKE,LikeCoin
932691,LIGHT,LightChain
381189,LIFE,LIFE
866491,LIF,Winding Tree
936346,LIEN,lien
750272,LHC,LHCoin
935099,LHA.CUR,Deutsche Lufthansa AG
767363,LGR,Logarithm
710370,LGO,Legolas Exchange
66259,LGD,Legends Cryptocurrency
332804,LEV,Leverj
935447,LEOBULL,3X Long LEO Token
935448,LEOBEAR,3X Short LEO Token
418778,LEND,Aave
931140,LEMO,LemoChain
831932,LEDU,Education Ecosystem
789144,LEAF,LeafCoin
30117,LEA,LeaCoin
5339,LDOGE,LiteDoge
409363,LDM,Ludum token
732021,LDC,LeadCoin
934344,LCX,LCX
779599,LCWP,LiteCoinW Plus
688295,LCT,LendConnect
667139,LCP,Litecoin Plus
680484,LCK,Luckbox
783320,LCC,LitecoinCash
378830,LCASH,LitecoinCash
25916,LC,Lutetium Coin
933657,LBXC,LUX BIO EXCHANGE COIN
247246,LBTC,LiteBitcoin
932548,LBK,LBK
23432,LBC,LBRY Credits
935488,LB.CUR,L Brands
849939,LATX,LatiumX
30544,LANA,LanaCoin
831848,LALA,LaLa World
929291,LABX,Stakinglab
184163,LA,LATOKEN
935354,KVI,KVI Chain
929182,KUV,Kuverit
42687,KUSH,KushCoin
34602,KURT,Kurrent
926296,KUE,Kuende
936041,KTON,Darwinia Commitment Token
5311,KTK,KryptCoin
928567,KSS,Krosscoin
933539,KSH,Kahsh
931899,KSC,KStarCoin
247703,KRONE,Kronecoin
877048,KRL,Kryll
777643,KREDS,KREDS
28154,KRB,Karbo
20822,KR,Krypton
928032,KOTO,Koto
5318,KORE,Kore
339431,KOLION,Kolion
933537,KOK,KOK Coin
3642,KOBO,KoboCoin
935409,KO.CUR,Coca-Cola
812669,KNW,Knowledge
931058,KNT,Knekted
928443,KMX,KiMex
517193,KLKS,Kalkulus
33405,KLC,KiloCoin
936979,KING,KingSwap
810794,KIND,Kind Ads
202849,KICK,KickToken
935224,KHC.CUR,The Kraft Heinz Company
4547,KGC,KrugerCoin
916860,KETAN,Ketan
883514,KEP,Kepler
205967,KEN,Kencoin
368743,KEK,KekCoin
935831,KEEP,Keep Network
42435,KED,Klingon Empire Darsek
890623,KEC,KEYCO
935350,KDAG,King DAG
674980,KBR,Kubera Coin
934062,KBOT,Korbot
916868,KBC,Karatgold coin
777407,KB3,B3Coin
57705,KAYI,Kayı
930794,KAT,Kambria
933997,KAM,BitKAM
935236,JWN.CUR,Nordstrom
27674,JWL,Jewels
876359,JUMP,Jumpcoin
4544,JUDGE,JudgeCoin
924231,JSE,JSEcoin
936303,JRT,Jarvis Reward Token
935508,JPM.CUR,JPMorgan Chase
920327,JOINT,Joint Ventures
400702,JNT,Jibrel Network Token
935507,JNJ.CUR,Johnson & Johnson
934019,JMT,JMTIME
927952,JMC,Junson Ming Chan Coin
771061,JEW,Shekel
666891,JET,Jetcoin
930959,JCT,Japan Content Token
4542,JBS,JumBucks Coin
931102,JAR,Jarvis+
819799,J8T,JET8
5335,J,JoinCoin
932125,IZI,IZIChain
934623,IZER,IZEROIUM
141171,IXT,iXledger
4541,IXC,IXcoin
929741,IX,X-Block
890611,IVY,IvyKoin
925655,IVN,IVN Security
709089,ITZ,Interzone
893485,ITM,intimate.io
893326,ITL,Italian Lira
935257,IT40.CUR,FTSE Borsa Italiana Index 40
925093,ISR,Insureum
6094,ISL,IslaCoin
660438,IRL,IrishCoin
935319,IRBT.CUR,iRobot Corporation
911125,IQN,IQeon
934592,IQC,IQ.cash
933513,IPX,Tachyon Protocol
844540,IPSX,IP Exchange
718398,IPL,InsurePal
776863,IPC,IPChain
935325,IP.CUR,International Paper
930540,IOWN,iOWN Token
927406,IOUX,IOU
77286,IOU,IOU1
42596,IOP,Internet of People
20591,ION,Ionomy
933626,IOEX,ioeX
4540,IOC,IOCoin
344988,INXT,Internxt
936412,INXP,Insight Protocol
936824,INX,INX Token
935211,INTC.CUR,Intel Corporation
917238,INSUR,InsurChain Coin
819702,INSTAR,Insights Network
105284,INSN,Insane Coin
33017,INSANE,InsaneCoin
934249,INS,Insolar (Old Chain) 
374211,INN,Innova
674918,INK,Ink
750134,ING,Iungo
20446,INFX,Influxcoin
931890,INFT,Infinito
930885,INFC,Influence Chain
930847,INE,IntelliShare
351078,INDI,IndiCoin
185953,IND,Indorse
935212,INCY.CUR,Incyte Corporation
35823,INCNT,Incent
930833,INB,Insight Chain
58121,IMX,Impact
708401,IMVR,ImmVRse
925671,IMT,MoneyToken
68093,IMS,Independent Money System
931231,IMPT,Ether Kingdoms Token
44007,IMPCH,Impeach
769483,ILT,iOlite
914975,ILK,Inlock
75440,ILC,ILCOIN
934389,IIC,Intelligent Investment Chain
831814,IHT,I-House Token
925618,IHF,Invictus Hyperion Fund
925318,IG1,IG Token 
935269,IFX.CUR,Infineon Technologies AG
185669,IFT,InvestFeed
32775,IFLT,InflationCoin
4539,IFC,Infinite Coin
667344,IETH,iEthereum
920342,IDXM,IDEX Membership
929180,IDT,InvestDigital
932194,IDRT,Rupiah Token
935701,IDK,IDK
933624,IDHUB,IDHUB
708873,IDH,IndaHash
907268,ICST,ICST
935252,ICPT.CUR,"Intercept Pharmaceuticals, Inc."
207775,ICOS,ICOBox
199363,ICOO,ICO OpenLedger
34499,ICOB,Icobid
25921,ICN,Iconomi
928902,ICHX,IceChain
199004,ICE,iDice
849815,IC,Ignition
934653,IBVOL,1x Short BTC Implied Volatility Token
935114,IBM.CUR,International Business Machines Corp
23745,IBANK,iBankCoin
16123,I0C,I0coin
5312,HZ,Horizon
5371,HYPER,HyperCoin
4537,HYP,HyperStake
41868,HXX,HexxCoin
931542,HXRO,Hxro
890817,HWC,HollyWoodCoin
179329,HVN,Hiveterminal Token
933919,HUSL,Hustle Token
33460,HUSH,Hush
932285,HUSD,HUSD
849743,HUR,Hurify
934381,HUNT,HUNT
931691,HUM,Humanscape
4535,HUC,HunterCoin
84752,HTML5,HTML5 Coin
598428,HTML,HTML Coin
20153,HTC,Hitcoin
935450,HTBULL,3X Long Huobi Token Token
935449,HTBEAR,3X Short Huobi Token Token
374246,HST,Decision Token
919094,HSC,HashCoin 
929687,HRD,Hoard
176336,HRB,Harbour DAO
926034,HQT,HyperQuant
62659,HPC,HappyCoin
890645,HOT,Hydro Protocol
716736,HORSE,Ethorse 
850875,HOLD,HOLD
18670,HODL,HOdlcoin
932762,HNB,HashNet BitEco
72438,HMQ,Humaniq
20655,HMP,HempCoin
935464,HMI.CUR,Huami Corporation
836331,HMC,Hi Mutual Society
931171,HLT,HyperLoot
781729,HLP,Purpose Coin
925805,HLM,Helium
925576,HLD,HyperLending
749620,HLC,Qitmeer
517775,HKN,Hacken
198458,HIRE,HireMatch
933595,HINT,Hintchain
234508,HGT,Hello Gold
936549,HGET,Hedget
930179,HET,HavEther
905744,HERO,Hero
928134,HERB,HerbCoin
897513,HER,Hero Node
928755,HEDG,HedgeTrade
25917,HEAT,Heat Ledger
924722,HEAL,Etheal
237407,HDG,Hedge Token
924979,HDAC,Hdac
247391,HBT,Hubii Network
4534,HBN,HoboNickels
936638,HBC,Hybrid Bank Cash
911095,HB,HeartBout
563196,HAT,Hawala.Exchange
925834,HAND,ShowHand
922220,HALO,Halo Platform
29552,HALLO,Halloween Coin
4533,HAL,Halcyon
936301,HAKKA,Hakka Finance
321347,HAC,Hackspace Capital
310867,H2O,Hydrominer
934322,GZE,GazeCoin
679646,GX,GameX
935260,GWPH.CUR,GW Pharmaceuticals PLC
929178,GVE,Globalvillage Ecosystem
67096,GUP,Guppy
185625,GUNS,GeoFunders
645936,GUN,GunCoin
327608,GUESS,Peerguess
932979,GTSE,Global Tourism Sharing Ecology
922068,GTK,GoToken
667239,GTC,Game
935282,GT.CUR,The Goodyear Tire & Rubber Company
5397,GSX,GlowShares
929241,GST,GameStars
933746,GSR,GeyserCoin
931052,GSE,GSENetwork
884902,GSC,Global Social Chain
439136,GRX,Gold Reward Token
207931,GRWI,Growers International
74894,GRW,GrowthCoin
935232,GRUB.CUR,Grubhub
929758,GRT,GoRecruit
931450,GRN,GreenPower
935380,GRMN.CUR,Garmin Ltd.
902463,GRMD,GreenMed
7592,GRM,GridMaster
718975,GRLC,Garlicoin
385907,GRID,Grid+
5375,GRE,GreenCoin
5309,GRC,GridCoin
20650,GPU,GPU Coin
935226,GPS.CUR,"The Gap, Inc."
935259,GPRO.CUR,GoPro Inc
7625,GP,GoldPieces
931888,GOT,ParkinGo
20585,GOST,SoulCoin
933840,GOSS,GOSSIP-Coin
935501,GOOGL.CUR,Alphabet Inc
934313,GOM2,GoMoney2
40806,GOLOS,Golos
934431,GOLDX,eToro Gold
850825,GOAL,Goal Bonanza
931402,GNY,GNY
30521,GNJ,GanjaCoin V2
388042,GMT,Mercury Protocol
750091,GMR,Gimmer
5388,GMC,Gridmaster
930914,GMB,GMB
931689,GMAT,GoWithMi
4530,GLYPH,GlyphCoin
449614,GLT,GlobalToken
934217,GLS,Golos Blockchain
935514,GLPG.CUR,Galapagos NV
932834,GLOS,GLOS
6393,GLOBE,Global
925018,GLDR,Golder Coin
4528,GLD,GoldCoin
4527,GLC,GlobalCoin
318704,GLA,Gladius
21378,GIZ,GIZMOcoin
933687,GIX,GoldFinX
933844,GIO,Graviocoin
892475,GIN,GINcoin
243079,GIM,Gimli
935376,GILD.CUR,Gilead Sciences
911139,GIC,Giant
933672,GIB,Bible Coin
936615,GHST,Aavegotchi
935296,GHOST,GhostbyMcAfee
180716,GGS,Gilgam
935369,GGOLD,GramGold Coin
935024,GGC,Global Game Coin
934011,GFUN,GoldFund
930330,GEX,Gexan
920794,GETX,Guaranteed Ethurance Token Extra
597181,GET,Guaranteed Entrance Token
531089,GER,GermanCoin
3647,GEO,GeoCoin
843576,GENS,DAOstack
7588,GEN,Genstake
5310,GEMZ,Gemz Social
870119,GEM,Gems
936092,GEEQ,Geeq
929698,GEC,Geco.one
935271,GE.CUR,General Electric Co
931886,GE,GEchain
927333,GDL,GodlyCoin
4526,GDC,GrandCoin
935270,GD.CUR,General Dynamics
12217,GCR,Global Currency Reserve
199065,GCN,gCn Coin
927600,GC,Gric Coin
30736,GBYTE,Obyte
925862,GBXT,Globitex Token
398705,GBX,GoByte
20214,GBT,GameBetCoin
29458,GBRC,GBR Coin
934417,GBPX,eToro Pound Sterling
890044,GBG,Golos Gold
26194,GB,GoldBlocks
349487,GAT,GATCOIN
933618,GARK,Game Ark
928399,GARD,Hashgard
932313,GAP,Gaps Chain
933695,GANA,GANA
20157,GAME,Gamecredits
6102,GAM,Gambit coin
928726,GALI,Galilel
38277,GAKH,GAKHcoin
777701,GAI,GraphGrail AI
932625,G50,G50
464920,FYP,FlypMe
180820,FYN,FundYourselfNow
888262,FXT,FuzeX
925427,FXP,FXPay
930328,FXC,Flexacoin
935331,FVRR.CUR,Fiverr International Ltd
930369,FUNX,Function X
925527,FUNDZ,FundFantasy
930919,FUND,FUNDChains
179018,FUNC,FunCoin
292748,FUEL,Etherparty
229060,FUCK,Fuck Token
935207,FTXR.CUR,First Trust Nasdaq Transportation ETF
856962,FTX,FintruX
927337,FTRC,FutureCoin
866629,FTO,FuturoCoin
931448,FTN,Fountain
931882,FTK,FToken
930962,FTI,FansTime
935539,FTCH.CUR,Farfetch Ltd
4524,FTC,FeatherCoin
936297,FSW,Falconswap
931488,FST,1irstcoin
935332,FSLR.CUR,First Solar Inc
5359,FSC,FriendshipCoin
711359,FSBT,Forty Seven Bank
24866,FRWC,Frankywillcoin
887639,FRV,Fitrova
45258,FRST,FirstCoin
934309,FRSP,Forkspot
20991,FRN,Francs
4522,FRK,Franko
922632,FREE,FREE coin
927962,FRED,FREDEnergy
918380,FREC,Freyrchain
34489,FRE,FreeCoin
409128,FRD,Farad
4521,FRC,FireRoosterCoin
247259,FRAZ,FrazCoin
935208,FR40.CUR,France 40
935261,FP.CUR,Total
729627,FOTA,Fortuna
926574,FORK,Gastro Advisor Token
413886,FOOD,FoodCoin
927955,FOAM,Foam
932024,FO,FIBOS
933702,FNK,FunKeyPay
180840,FND,FundRequest
931395,FNB,FNB protocol
925321,FML,FormulA
936354,FME,FME
932710,FMCT,FirmaChain
21370,FLY,FlyCoin
21878,FLVR,FlavorCoin
844476,FLUZ,FluzFluz
4449,FLT,FlutterCoin
337863,FLP,Gameflip
5325,FLO,Flo
936810,FLM,Flamingo
350394,FLLW,Follow Coin
408849,FLIXX,Flixxo
784981,FLIP,BitFlip
329562,FLIK,FLiK
932105,FLETA,FLETA
933636,FLDT,FairyLand
5348,FLDC,Folding Coin
928850,FLC (1),Fieldcoin
326222,FLASH,FLASH coin
4445,FLAP,Flappy Coin
931765,FKX,FortKnoxster
934084,FK,FK Coin
29935,FJC,FujiCoin
937015,FIT,Financial Investment Token
29196,FIRE,FireCoin
48807,FIND,FindCoin
917303,FIN,Finom FIN Token
927458,FIII,Fiii
4448,FIBRE,FIBRE
848819,FDZ,Friendz
935401,FDX.CUR,Fedex
777557,FDX,fidentiaX
13280,FCT,Factom
933153,FCQ,Fortem Capital
5385,FCN,FantomCoin 
4446,FC2,Fuel2Coin
307112,FC,Facecoin
927948,FARMA,FarmaTrust
928525,FAIRC,Faireum Token
5313,FAIR,FairCoin
892684,FACE,Faceter 
931985,FAB,FABRK Token
935101,F.CUR,Ford Motor Co
850994,EZT,EZToken
388493,EXY,Experty
710098,EXRN,EXRNchain
935506,EXPE.CUR,Expedia Inc
12194,EXP,Expanse
928226,EXO,Exosis
370961,EXN,ExchangeN
767755,EXMR,EXMR FDN
933270,EXM,EXMO Coin
935251,EXEL.CUR,"Exelixis, Inc."
4442,EXCL,Exclusive Coin
934451,EXCHBULL,3X Long Exchange Token Index Token
934449,EXCHBEAR,3X Short Exchange Token Index Token
899574,EXC,Eximchain
935067,EXAS.CUR,Exact Sciences Corporation
932927,EVY,EveryCoin
340966,EVR,Everus
926208,EVOS,EVOS
383953,EVN,Envion
800022,EVENC,EvenCoin
719223,EVE,Devery
308072,EVC,Eventchain
934419,EURX,eToro Euro
934342,EURT,Euro Tether
925249,EURS,STASIS EURS
915521,EUNO,EUNO
932796,EUM,Elitium
34849,EUC,Eurocoin
935414,EU50.CUR,Euro Stoxx 50
890114,ETZ,EtherZero
933655,ETY,Ethereum Cloud
62529,ETT,EncryptoTel
931977,ETM,En-Tan-Mo
935491,ETL.CUR,Eutelsat Communications
683789,ETL,EtherLite
385960,ETK,Energi Token
20448,ETHS,EthereumScrypt
932700,ETHPLO,ETHplode
936064,ETHP,ETHPlus
926309,ETHO,ETHER-1
860990,ETHM,Ethereum Meta
310754,ETHD,Ethereum Dark
933983,ETHBULL,3X Long Ethereum Token
934066,ETHBEAR,3X Short Ethereum Token
412197,ETHB,EtherBTC
935421,ETH3S,Amun Ether 3x Daily Short
935418,ETH3L,Amun Ether 3x Daily Long
929734,ETGP,Ethereum Gold Project
347450,ETG,Ethereum Gold
935434,ETCBULL,3X Long Ethereum Classic Token
935435,ETCBEAR,3X Short Ethereum Classic Token
431142,ETBT,Ethereum Black
188394,ETBS,EthBits
920927,ESZ,EtherSportz
925216,EST,ESports Chain
130951,ESP,Espers
934985,ESH,Switch
930656,ESBC,ESBC
42694,ERY,Eryllium
328784,ERT,Esports.com
439579,ERO,Eroscoin
771092,ERIS,Eristica
625216,EREAL,eREAL
597540,ERC20,Index ERC20
20748,ERC,EuropeCoin
929359,eQUAD,Quadrant Protocol
105263,EQT,EquiTrader
777667,EQL,EQUAL
866417,EQC,Ethereum Qchain Token
198698,EQ,EQUI
855289,EOSDAC,eosDAC
934063,EOSBULL,3X Long EOS Token
934067,EOSBEAR,3X Short EOS Token
932684,EONC,Dimension
883094,ENU,Enumivo
207891,ENTRP,Entropy Token
811654,ENTRC,ENTER COIN
24307,ENTER,EnterCoin
34609,ENT,Eternity
4350,ENRG,EnergyCoin
925083,ENQ,Enecuum
927975,ENGT,Engagement Token
338335,ENG,Enigma
920915,EMV,Ethereum Movie Venture
247322,EMT,EasyMine
932115,EMRX,Emirex Token
927190,EMPR,empowr
388076,EMPH,Emphy
4441,EMD,Emerald
4440,EMC2,Einsteinium
15876,EMC,Emercoin
33942,EMB,EmberCoin
438867,ELTCOIN,ELTCOIN
339581,ELTC2,eLTC
801286,ELP,Ellerium
339933,ELM,Elements
889293,ELLI,ElliotCoin
384651,ELLA,Ellaism
321177,ELIX,Elixir
360657,ELITE,EthereumLite
801531,ELI,GoCrypto
836445,ELEC,Electrify.Asia
30550,ELE,Elementrem
930863,ELD,Electrum Dark
4439,ELC,Elacoin
934311,ELAMA,Elamachain
931208,EKG,Ekon Gold
933553,EGG,Nestree
918374,EGCC,Engine
15885,EGC,EverGreenCoin
466786,EGAS,ETHGAS
165555,EFYT,Ergo
866525,EFX,The Effect.ai
4438,EFL,E-Gulden
933988,EER,Ethereum eRush
698092,EDT,EtherDelta
19051,EDRC,EDRCoin
927930,EDN,EdenChain
55676,EDG,Edgeless
929289,ECTE,EurocoinToken
933685,ECT,SuperEdge
932936,ECP,ECP+ Technology
932738,ECOREAL,Ecoreal Estate
171390,ECOB,EcoBit
931416,ECO,Ormeus Ecosystem
344337,ECHT,e-Chat
909390,ECH,EthereCash
355117,ECASH,Ethereum Cash
409249,ECA,Electra
934725,EC,Echoin
321189,EBTC,eBitcoin
368732,EBST,eBoost
933562,EBK,Ebakus
748907,EBIT,eBit
345159,EBET,EthBet
692707,EBC,EBCoin
933999,EBASE,EURBASE
59968,EB3,EB3coin
324012,EARTH,Earth Token
4437,EAC,EarthCoin
932847,DZCC,DZCC
932964,DYNMT,Dynamite
131111,DYN,Dynamic
765943,DXT,DataWallet
933832,DXO,Dextro
888318,DXC,DixiCoin
930708,DX,DxChain Token
935290,DVX,Derivex
4436,DVC,DevCoin
930988,DUOT,DUO Network
73132,DUO,ParallelCoin
715640,DUBI,Decentralized Universal Basic Income
713947,DTX,DataBroker DAO
764096,DTRC,Datarius
788387,DTH,Dether
910561,DTEM,Dystem
931869,DTC,Data Transaction
55540,DTB,Databits
20196,DSH,Dashcoin
934029,DSC,Dash Cash
4435,DSB,DarkShibe
7480,DRZ,Droidz
384953,DRXNE,Droxne
311829,DRT,DomRaider
763535,DRPU,DRP Utility
188523,DRP,DCORP
820902,DROP,Dropil
935356,DRM,DoDreamChain
4434,DRKC,DarkCash
932827,DRINK,DrinkChain
935439,DRGNBULL,3X Long Dragon Index Token
935438,DRGNBEAR,3X Short Dragon Index Token
355702,DRGN,Dragonchain
683927,DRG,Dragon Coin
924831,DREAM,DREAM
22248,DRACO,DT Token
925525,DPY,Delphy
931792,DPT,Diamond Platform Token
466977,DPP,Digital Assets Power Play
930675,DPN,DIPNET
936098,DPIE,DeFiPie
182325,DP,DigitalPrice
360827,DOV,DOVU
930966,DOS,DOS Network
763639,DOR,Dorado
28332,DOPE,DopeCoin
927402,DOOH,Bidooh
17549,DOGED,DogeCoinDark
935451,DOGEBULL,3X Long Dogecoin Token
935452,DOGEBEAR,3X Short Dogecoin Token
931867,DOC,Dochain
180804,DNA,EncrypGen
933017,DMTC,Demeter Chain
869896,DML,Decentralized Machine Learning
936916,DMD,DMD
932611,DMC,Dream21
935324,DLTR.CUR,"Dollar Tree, Inc."
930986,DLO,Delio
28776,DLC,DollarCoin
907331,DKD,Dekado
920306,DIW,DIWtoken
431413,DIVX,Divi Exchange Token
933912,DIVO,DIVO Token
935210,DIS.CUR,Walt Disney
925049,DIP,Etherisc
819678,DIN,Dinero
21365,DIME,DimeCoin
932764,DILI,D Community
12192,DIGS,Diggits
800121,DIG,Dignity
20213,DIEM,CarpeDiemCoin
89572,DICE,Etheroll
935108,DHR.CUR,Danaher
917414,DGX,Digix Gold token
925440,DGTX,Digitex Futures
202696,DGPT,DigiPulse
933114,DGLD,Digital Gold
4353,DGC,Digitalcoin 
935220,DG.CUR,Dollar General
926176,DFXT,DigiFinexToken
236039,DFT,Draftcoin
646897,DFS,Digital Fantasy Sports
932975,DFP,Digital Fund Coin
935905,DEXT,DEXTools
930861,DEX,DEX
860154,DEV,Deviant Coin
4429,DEM,eMark
931043,DELTA,DeltaChain
931831,DEFI,Defi
931865,DEEP,DeepCloud AI
935955,DECENTR,Decentr
417510,DEC,Darico
408765,DEB,Debitum Token
876352,DEAL,iDealCash
79849,DEA,Degas Coin
935218,DE30.CUR,Germany 30
935219,DE.CUR,Deere
935103,DDOG.CUR,Datadog Inc
180595,DDF,Digital Developers Fund
729809,DDD,Scry.info
932387,DDAM,DDAM
181373,DCY,Dinastycoin
218906,DCN,Dentacoin
28229,DCK,DickCoin
918483,DCC,Distributed Credit Chain
933995,DBY,Dobuy
935532,DBX.CUR,DropBox
20726,DBTC,DebitCoin
935521,DBK.CUR,Deutsche Bank AG
57481,DBIX,DubaiCoin
20198,DBIC,DubaiCoin
380712,DBET,Decent.bet
336705,DAY,Chronologic
453647,DAXX,DaxxCoin
925586,DAX,DAEX
935697,DAWN,Dawn Protocol
933159,DAVP,Davion
925662,DAV,DAV
194399,DAS,DAS
32694,DAR,Darcrus
925707,DAPS,DAPS Coin
930395,DAPPT,Dapp Token
177831,DAOC,DAOBet
889339,DAN,Daneel
935419,DAL.CUR,Delta Air Lines
935415,DAI.CUR,Daimler AG
778953,DADI,Edge
932794,DAD,DAD
934324,DACS,Dacsee
925578,DACC,Decentralized Accessible Content Chain 
933142,CZRX,Compound 0x
931040,CZR,CanonChain
5354,CYP,CypherPunkCoin
931146,CYL,Crystal Token
5392,CYC,ConSpiracy Coin 
927415,CYBR,CYBR
63308,CXT,Coinonat
745054,CXO,CargoX
4415,CXC,CheckCoin
446121,CWV,CryptoWave
933926,CWN,CryptoWorldNews
933149,CWBTC,Compound Wrapped BTC
935097,CVS.CUR,CVS Health
934015,CVA,Crypto Village Accelerator
713925,CV,CarVertical
932020,CUST,Custody Token
935625,CUSDT,cUSDT
933138,CUSDC,Compound USD Coin
925878,CUSD,Carbon
5387,CURE,Curecoin
278056,CTX,CarTaxi
934481,CTT,Castweet
225277,CTR,Centra
6117,CTO,Crypto
45031,CTL,Citadel
777990,CTC,Creditcoin
933924,CTAG,CTAGtoken
400432,CSTL,Castle
929343,CSPN,Crypto Sports
925807,CSP,Caspian
933887,CSNP,CrowdSale Network
202714,CSNO,BitDice
930028,CSM,Consentium
31004,CSH,CashOut
889350,CSEN,Consensus
935256,CSCO.CUR,Cisco Systems
4428,CSC,CasinoCoin
933136,CSAI,Compound SAI
932582,CSAC,Credit Safe Application Chain
4427,CRYPT,CryptCoin
925695,CRYP,CrypticCoin
737393,CRYC,CryCash
7586,CRW,Crown Coin
936869,CRU,Crust Network
933743,CRP,Cranepay
935228,CRON.CUR,Cronos Group Inc.
202049,CRM,Cream
925097,CRGO,CargoCoin
6451,CREVA,Creva Coin
933143,CREP,Compound Augur
382450,CREDO,Credo
929362,CREDIT,Credit
502301,CRED,Verify
936071,CREAM,Cream
48787,CREA,CreativeChain
799597,CRDTS,Credits
586482,CRC,CrowdCoin
17547,CRB,Creditbit 
5304,CRAVE,CraveCoin
929163,CR,CryptoRiyal
692869,CPY,COPYTRACK
866357,CPX,Apex Token
918997,CPT,Cryptaur
926409,CPLO,Cpollo
371095,CPEX,CoinPulseToken
15282,CPC,CapriCoin
345674,CPAY,CryptoPay
28276,COVAL,Circuits of Value
930305,COVA,COVA
338426,COV,Covesting
912904,COU,Couchain
934367,COSP,Cosplay Token
925380,COSM,CosmoChain
186335,COS,COS
936975,CORE,cVault.finance
4423,COOL,CoolCoin
920245,CONI,CoinBene
12985,PAYCON,Paycon
384859,COIN,Coin
909713,COI,Coinnec
436320,COFI,CoinFi
201701,COE,CoEval
933608,CODY,Coindy
931844,COCOS,COCOS BCX
234811,COB,Cobinhood
453581,COAL,BitCoal
802875,CO2,CO2 Token
935396,CNX.CUR,Consol Energy
289715,CNX,Cryptonex
930944,CNUS,CoinUs
932953,CNTM,Connectome
70365,CNT,Centurion
934835,CNRG,CryptoEnergy
42438,CNO,Coino
25825,CNMT,Coinomat
338070,CND,Cindicator
927965,CNCT,CONNECT
431621,CNBC,Cash & Back Coin
935200,CN50.CUR,FTSE China A50
374358,CMS,COMSA
228090,CMPCO,CampusCoin
899065,CMM,Commercium 
793021,CMCT,Crowd Machine
935307,CLVS.CUR,"Clovis Oncology, Inc."
15869,CLUB, ClubCoin
340816,CLOUT,Clout
4417,CLOAK,CloakCoin
811474,CLO,Callisto Network
789504,CLN,Colu Local Network
22191,CLINT,Clinton
370606,CLD,Cloud
931038,CLB,Cloudbric
4416,CLAM,CLAMS
659393,CL,CoinLancer
22207,CKC,Clockcoin
382617,CJT,ConnectJob Token
328667,CIX,Cryptonetix
7484,CIRC,CryptoCircuits
4413,CIN,CinderCoin
935530,CIEN.CUR,Ciena
925597,CIC,CIChain
819737,CHP,CoinPoker Token
517603,CHIPS,CHIPS
936762,CHI,Chi Gastoken
929096,CHFT,Crypto Holding
22407,CHESS,ChessCoin
56249,CHC,ChainCoin
52008,CHAT,OpenChat
933130,CHARS,CHARS
175683,CHAN,ChanCoin
935556,CGT,CACHE Gold
711418,CFTY,Crafty
182258,CFT,CryptoForecast
136984,CFI,Cofound.it
379232,CFD,Confido
30123,CFC,CoffeeCoin
6104,CESC,Crypto Escudo
932188,CENT,CENTERCOIN
922616,CENNZ,Centrality Token
5297,CELL,SolarFarm
769708,CEFS,CryptopiaFeeShares
853825,CEEK,CEEK Smart VR Token
797331,CEDEX,CEDEX Coin
412267,CDX,CDX Network 
177139,CDT,Blox
52015,CDN,Canada eCoin
935051,CDL,CoinDeal Token
933146,CDAI,Compound Dai
934054,CCTN,Connectchain
301191,CCT,Crystal Clear Token 
35818,CCRB,CryptoCarbon
542719,CCOS,CrowdCoinage
920734,CCO,Ccore
4412,CCN,CannaCoin
925566,CCL,CyClean
924982,CCCX,Clipper Coin Capital
935202,CC.CUR,Chemours
5367,CC,CyberCoin
4411,CBX,CryptoBullion
934499,CBUCKS,CRYPTOBUCKS
709053,CBT,CommerceBlock Token
791176,CBS,Cerberus
918576,CBRT,Cybereits Token 
931863,CBNT,Create Breaking News Together
935504,CBK.CUR,Commerzbank AG
932693,CBFT,CoinBene Future Token
903690,CBC,Casino Betting Coin
933140,CBAT,Compound Basic Attention Token
932823,CB,COINBIG
926389,CATT,Catex
4410,CAT,Catcoin
4409,CASH,CashCoin
319254,CAS,Cashaa
867550,CARE,Carebit
922018,CARD,Cardstack
21382,CARBON,Carboncoin
918989,CAR,CarBlock 
306304,CAPP,Cappasity
726598,CAPD,Capdax
4407,CANN,CannabisCoin
909733,CANDY,UnicornGo Candy
327632,CAN,CanYaCoin
933889,CALL,Global Crypto Alliance
932768,CAI,Cai Token
341422,CAG,Change
776803,CADN,Content and AD Network
20212,CAB,CabbageUnit
339632,C20,Crypto20
5396,C2,Coin.2
935098,C.CUR,Citigroup Inc
935304,BZUN.CUR,Baozun Inc.
901815,BZNT,Bezant
925154,BZ,Bit-Z
935112,BYND.CUR,"Beyond Meat, Inc."
5308,BYC,ByteCent
28208,BXT,BitTokens
931861,BXA,Blockchain Exchange Alliance
930688,BWX,Blue Whale
920817,BWT,Bittwatt
453855,BWK,Bulwark
934654,BVOL,1x Long BTC Implied Volatility Token
48800,BVC,BeaverCoin
28893,BUZZ,BuzzCoin
937047,BUY,Burency
932787,BUX,Buxcoin
932135,BUSD,BUSD
5286,BURST,BurstCoin
934064,BULL,3X Long Bitcoin Token
66685,BUCKS,SwagBucks
844325,BUBO,Budbo
42843,BTZ,BitzCoin
925701,BTXC,Bettex coin
198983,BTX,Bitcore
928781,BTU,BTU Protocol
935703,BTSE,BTSE Token
921356,BTRN,Biotron
836186,BTRM,Betrium Token
182346,BTPL,Bitcoin Planet
707507,BTO,Bottos
935446,BTMXBULL,3X Long BitMax Token Token
935445,BTMXBEAR,3X Short BitMax Token Token
4403,BTMK,BitMark
850816,BTL,Bitrolium
925183,BTK,Bostoken
928962,BTH,Bithereum
776828,BTF,Blockchain Traded Fund
935742,BTE,BTEcoin
362846,BTDX,Bitcloud 2.0
28089,BTD,Bitcloud
327184,BTCZ,BitcoinZ
928689,BTCUS,Bitcoinus
934743,BTCT,Bitcoin Token
934795,BTCSHORT,Amun Short Bitcoin Token
71321,BTCS,Bitcoin Scrypt
371064,BTCRED,Bitcoin Red
28764,BTCR,BitCurrency
770095,BTCP,Bitcoin Private
429400,BTCM,BTCMoon
486837,BTCL,BTC Lite
933157,BTCK,Bitcoin Turbo Koin
934391,BTCHG,1X Short Bitcoin Token
791324,BTCH,Bitcoin Hush
463700,BTCE,EthereumBitcoin
4400,BTCD,BitcoinDark
531559,BTCA,Bitair
935416,BTC3S,Amun Bitcoin 3x Daily Short
935412,BTC3L,Amun Bitcoin 3x Daily Long
933666,BTBL,Bitball
4399,BTB,BitBar
16125,BTA,Bata
843586,BSX,Bitspace
934509,BSVBULL,3X Long Bitcoin SV Token
934510,BSVBEAR,3X Short Bitcoin SV Token
6100,BSTY,GlobalBoost
922258,BSTN,BitStation
35684,BSTAR,Blackstar
930588,BST,BlockStamp
931672,BSOV,BitcoinSoV
7482,BSC,BowsCoin
932732,BRZE,Breezecoin
932906,BRZ,Brazilian Digital Token
299415,BRX,Breakout Stake
234982,BRO,Bitradio
20892,BRK,BreakoutCoin
182416,BRIT,BritCoin
679231,BRIC,BrightCoin
849782,BRIA,Briacoin
936239,BRDG,Bridge Protocol
543502,BRD,Bread token
930666,BRC,Baer Chain
357734,BRAT,BROTHER
927409,BQTX,BQT
932030,BQT,Blockchain Quotations Index Token
931707,BQQQ,Bitsdaq Token
340125,BQ,Bitqy
848148,BPX,BlitzPredict
715749,BPT,Blockport
931999,BPRO,BitCloud Pro
384729,BPL,BlockPool
930702,BOXX,Blockparty
930784,BOXT,BOX Token
925212,BOUTS,BoutsPro
936559,BOT,Bounce Token
4342,BOST,BoostCoin
5378,BOOM,Boom Token
934667,BONO,Bonorum Coin
346775,BON,Bonpay
930765,BOMB,BOMB
929196,BOLTT,BolttCoin
930147,BOLT,Bolt
21357,BOLI,BolivarCoin
918968,BOE,Bodhi 
7635,BOBS,Bob's Repair
56682,BNX,BnrtxCoin
543363,BNTY,Bounty0x
935502,BNTX.CUR,Biontech SE
933578,BNP,BenePit
847177,BNN,Banyan Network
384605,BNK,Bankera
934146,BNBBULL,3X Long BNB Token
934149,BNBBEAR,3X Short BNB Token
932203,BNANA,Chimpion
933599,BNA,BananaTok
935417,BMW.CUR,BMW AG
481737,BMT,BMChain
843515,BMH,BlockMesh
304184,BMC,Blackmoon Crypto
936199,BLY,Blocery
935903,BLX,Balloon-X
350048,BLUE,Ethereum Blue
4340,BLU,BlueCoin
933584,BLTV,BLTV Token
928259,BLTG,Block-Logic
638634,BLT,Bloom Token
20336,BLRY,BillaryCoin
932055,BLOCM,BLOC.MONEY
5305,BLOCK,BlockNet
930149,BLOC,Blockcloud
15879,BLITZ,BlitzCoin
933937,BLINK,BlockMason Link
5362,BLC,BlakeCoin
930601,BLAST,BLAST
241757,BKX,BANKEX
902577,BKT,Blocktrade token
860049,BKC,Balkancoin
935027,BIZZ,BIZZCOIN
7626,BITZ,Bitz Coin
28021,BITUSD,bitUSD
892415,BITSILVER,bitSilver
5368,BITS,BitstarCoin
927451,BITM,BitMoney
860065,BITG,BitGreen
28019,BITCNY,bitCNY
789256,BITCAR,BitCar
22333,BIT16,16BitCoin
322963,BIS,Bismuth
934104,BIRD,Birdchain
932744,BIPX,Bispex
20209,BIOS,BiosCrypto
926396,BIOC,BioCrypt
484355,BIO,Biocoin
799897,BINS,Bitsense
935075,BILL.CUR,Bill.com Inc
935077,BILI.CUR,Bilibili Inc.
933630,BIKI,BIKI
935510,BIIB.CUR,Biogen Inc.
930839,BIHU,Key
20819,BIGUP,BigUp
935274,BIG.CUR,Big Lots
935314,BIDU.CUR,"Baidu, Inc."
41587,BIC,Bikercoins
926068,BHPC,BHPCash
932407,BGONE,BigONE Token
928742,BGG,Bgogo Token
931855,BGBP,Binance GBP Stable Coin
25238,BFX,BitFinex Tokens
932689,BFCH,Big Fun Chain
811575,BEZ,Bezop
749857,BETR,BetterBetting
926307,BETHER,Bethereum
4337,BET,BetaCoin
930803,BEST,BEST
784762,BERRY,Rentberry
20817,BERN,BERNcash
933691,BEP,Blucon
931853,BENZI,Ben Zi Token
71884,BENJI,BenjiRolls
21239,BELA,Bela
930382,BEET,Beetle Coin
764334,BEE,Bee Token
936998,BEC,Betherchip
926112,BEAT,BEAT Token
935433,BEARSHIT,3X Short Shitcoin Index Token
933505,BEAR,3X Short Bitcoin
374294,BDL,Bitdeal
423754,BDG,BitDegree
932734,BCZERO,Buggyra Coin Zero
20315,BCY,BitCrystals
930822,BCV,BitCapitalVendor
932802,BCS,Business Credit Substitute
5345,BCR,BitCredit
374281,BCPT,BlockMason Credit Protocol
536905,BCOIN,BannerCoin
5280,BCN,ByteCoin
855539,BCI,Bitcoin Interest
934462,BCHC,BitCherry
934513,BCHBULL,3X Long Bitcoin Cash Token
934514,BCHBEAR,3X Short Bitcoin Cash Token
34854,BCF,BitcoinFast
926186,BCDT,Blockchain Certified Data Token
732197,BCDN,BlockCDN 
35165,BCCOIN,BitConnect Coin
185689,BCAT,BitClave
72955,BCAP,Blockchain Capital
931699,BCAC,Business Credit Alliance Chain
935076,BBY.CUR,Best Buy
398648,BBT,BitBoost
5343,BBR,Boolberry
779041,BBP,BiblePay
921530,BBO,Bigbom
843613,BBN,BBNCOIN
863235,BBK,BitBlocks
811566,BBI,BelugaPay
930881,BBGC,BigBang Game
935049,BBDT,BBD Token
937025,BBC,BigBang Core
935225,BBBY.CUR,Bed Bath & Beyond Inc.
5300,BAY,BitBay
784595,BAX,BABB
33129,BASH,LuckChain
586638,BAS,BitAsean
354771,BAR,TBIS token
757568,BANCA,BANCA
935235,BABA.CUR,Alibaba Group Holding Limited
925550,BAAS,BaaSid
56078,B@,BankCoin
931015,B91,B91
28333,B3,B3 Coin
927548,B2G,Bitcoiin2Gen
517795,B2B,B2BX
935287,AZBI,AZBI CORE
922608,AZART,Azart
925720,AZ,Azbit
727769,AXPR,aXpire
933601,AXL,AXiaL
909747,AXE,Axe
930517,AWR,Award
929381,AWC,Atomic Wallet Coin
138642,AVT,AventCoin
922140,AVH,Animation Vision Cash
412112,AUTON,Autonio
815399,AUTO,Cube
341400,AURS,Aureus
918501,AURO,Aurora
4333,AUR,Aurora Coin
222200,AUN,Authoreon
934429,AUDX,eToro Australian Dollar
792023,AUC,Auctus
659663,AUA,ArubaCoin
33871,ATX,ArtexCoin
935090,ATVI.CUR,Activision Blizzard Inc
936007,ATT,Attila
345017,ATS,Authorship
935427,ATOMBEAR,3X Short Cosmos Token
932016,ATN,ATN
61902,ATMOS,Atmos
920748,ATMI,Atonomi
368694,ATM,ATMChain
235213,ATL,ATLANT
339419,ATCC,ATC Coin
175618,ATB,ATB coin
930855,AT,AWARE
387875,ASTRO,Astronaut
924963,ASTO,Aston
5356,ASN,Ascension Coin
935294,ASM,Assemble Protocol
38367,ASAFE2,Allsafe
769416,ARY,Block Array
935750,ARX,ARCS
930853,ARTF,Artfinity Token
860889,ARTE,Artemine
311558,ART,Maecenas
930480,ARRR,Pirate Chain
935516,ARNC.CUR,Arconic
303888,ARNA,ARNA Panacea
933908,ARMR,ARMR
70352,ARGUS,ArgusCoin
4371,ARG,Argentum
201896,ARENA,Arena
934365,AREI,Aurei
915444,ARE,ARENON
707530,ARCT,ArbitrageCT
34506,ARCO,AquariusCoin
4331,ARCH,ArchCoin
188615,ARC,ArcticCoin
925945,ARAW,Araw
935086,AR.CUR,Antero Resources
928136,AQUA,Aquachain
74912,APX,Apx
924973,APL,Apollo Currency
906171,APIS,APIS
879031,APH,Aphelion
4330,APEX,ApexCoin
20722,APC,AlpaCoin
935222,APAM.CUR,Aperam S.A.
935378,APA.CUR,Apache
898986,ANTS,ANTS Reloaded
20828,ANTI,Anti Bitcoin
936619,ANK,AlphaLink
934867,ANJ,Aragon Court
898977,ANGL,Angel Token
930910,ANDC,Android chain
934315,ANCT,Anchor
27370,ANC,Anoncoin
935084,AN.CUR,Autonation
935496,AMUN.CUR,Amundi
15284,AMS,Amsterdam Coin
931131,AMPL,Ampleforth
936528,AMP,Amp
889900,AMO,AMO Coin
890663,AMN,Amon
589881,AMM,MicroMoney
925145,AMLT,AMLT
57676,AMIS,AMIS
931979,AMIO,Amino Network
934044,AMDC,Allmedi Coin
932986,AMAL,AMAL
5330,AM,AeroMe
933606,ALY,Ally
935216,ALXN.CUR,"Alexion Pharmaceuticals, Inc."
787696,ALX,ALAX
240439,ALTOCAR,AltoCar
369110,ALTCOM,AltCommunity Coin
934450,ALTBULL,3X Long Altcoin Index Token
934452,ALTBEAR,3X Short Altcoin Index Token
859662,ALPS,Alpenschillling
933006,ALN,Aluna
935277,ALLY.CUR,Ally Financial
934078,ALLBI,ALL BEST ICO
331603,ALIS,ALISmedia
931034,ALI,AiLink Token
935428,ALGOBULL,3X Long Algorand Token
935429,ALGOBEAR,3X Short Algorand Token
903856,ALG,Algory
935911,ALEPH,Aleph.im
935371,ALCH,Alchemy
187030,AIX,Aigang
777027,AIT,AIChain Token
935327,AIR.CUR,Delta Air Lines
338555,AIR,AirToken
932573,AIPE,AI Prediction Ecosystem
934385,AIN,AI Network
922747,AIMS,HighCastle Token
933707,AIDUS,AIDUS Token
368770,AID,AidCoin
847135,AIC,AI Crypto
928332,AGVC,AgaveCoin
936867,AGS,Aegis
191142,AGRS,Agoras Token
933764,AGET,Agetron
929169,AFO,AllForOneBusiness
933824,AEVO,Always Evolving
4324,AERO,Aero Coin
927509,AER,Aeryus
20730,AEON,AEON
924988,AEN,Aenco
935244,AEM.CUR,Agnico Eagle
20656,ADZ,Adzcoin
170452,ADX,AdEx
188858,ADT,AdToken
935227,ADS.CUR,Adidas AG
935490,ADPT.CUR,Adaptive Biotechnologies Corporation
935387,ADNT.CUR,Adient
931418,ADN,Aladdin
833028,ADM,ADAMANT Messenger
127738,ADL,Adelphoi
780883,ADI,Aditus
866454,ADH,Adhive
936463,ADEL,Akropolis Delphi
6108,ADC,AudioCoin
935517,ADBE.CUR,Adobe Systems Inc
468052,ADB,Adbank
935422,ADABEAR,3X Short Cardano Token
808094,ACTN,Action Coin
6476,ACP,Anarchists Prime
4323,ACOIN,ACoin
926174,ACM,Actinium
294364,ACE,TokenStars
931406,ACDC,Volt
931847,ACD,Alliance Cargo Direct
249821,ACC,AdCoin
517389,AC3,AC3
4322,AC,Asia Coin
419711,ABYSS,The Abyss
5338,ABY,ArtByte
931527,ABX,Arbidex
912961,ABS,Absolute Coin
303943,ABC,AB-Chain
935083,ABBV.CUR,Abbvie
934026,ABA,EcoBall
928556,AAT,Agricultural Trade Chain
935085,AAP.CUR,Advance Auto Parts
925785,AAA,AAA Reserve Currency
935079,AA.CUR,Alcoa
935375,8X8,8X8 Protocol
177124,8BT,8 Circuit Studios
5327,8BIT,8BIT Coin
29462,888,Octocoin
28223,808,808
936212,4ART,4ART Coin
4321,42,42 Coin
21227,404,404Coin
934393,300F,300FIT
749869,300,300 token
20910,2GIVE,2GiveCoin
925200,1WO,1World
28328,1ST,FirstBlood
930841,1SG,1SG
5406,1CR,1Credit
20824,1337,EliteCoin
877383,0xBTC,0xBitcoin
